Year,Month,Day,0830-0900,0900-1000,1000-1100,1100-1200,1200-1300,1300-1400,1400-1500,1500-1600,1600-1700,1700-1800,1800-1900,1900-2000,2000-2100,2100-2200,2200-2300,2300-2400,0000-0100,0100-0200,0200-0300,0300-0400,0400-0500,0500-0600,0600-0700,0700-0800,0800-0830,Daily,ROB Total
2021,April,1,0,0,0,0,0,0,0,0,0,0,0,0,0,0,0,0,0,0,0,0,0,0,0,0,0,0,0
2021,April,2,0,0,0,0,0,0,0,0,0,0,0,0,0,0,0,0,0,0,0,0,0,0,0,0,0,0,0.1
2021,April,3,0,0,0,0,0,0,0,0,0,0,0,0,0,0,0,0,0,0,0,0,0,0,0,0,0,0,0
2021,April,4,0,0,0,0,0,0,0,0,0,0,0,0,0,0,0,0,0,0,0,0,0,0,0,0,0,0,0
2021,April,5,0,0,0,0,0,0,0,0,0,0,0,0,0,0,0,0,0,0,0,0,0,0,0,0,0,0,0
2021,April,6,0,0,0,0,0,0,0,2.8,1.8,0,0,0,0,0,0,0,0,0,0,0,0,0,0,0,0,4.6,4.6
2021,April,7,0,0,0,0,0,0,0,0,0.8,21,Tr,0.1,Tr,0.1,Tr,0,0,0,0,0,0,0,0,0,0,22,23.6
2021,April,8,0,0,0,0,0,0,0,0,0,0,0,0,0,0,0,0,0,0,0,0,0,0,0,0,0,0,0
2021,April,9,0,0,0,0,0,0,0,0,0,0,0,0,0,0,0,0,0,0,0,0,0,0,0,0,0,0,0
2021,April,10,0,0,0,0,0,0,0,0,0,0,10,0.1,0,0,0,0,0.1,0,0,0,0,0,0,0,0,10.2,10.7
2021,April,11,0,0,0,0,0,0,0,4.7,3.1,0,0,0,0,0.5,1.8,0.5,0,0,0,0,0,0,0,0,0,10.6,10.6
2021,April,12,0,0,0,0,0,0,0,0,0,0,0,2.3,0.4,1.5,0,0,0.1,0.2,0.1,0,0,0,0,0,0,4.6,4.4
2021,April,13,0,0,0,0,0,0,0,0.1,0,0,0,0.5,0.5,0.1,0,0,0,0,0,0,0,0,0,0,0,1.2,1.2
2021,April,14,0,0,0,0,0,0,0,0.2,19.8,17.8,3.2,1.9,0.4,2.3,0,0.1,0,0,0,0,0,0,0,0,0,45.7,46.5
2021,April,15,0,0,0,0,0,0,0.9,5.4,6.2,0.3,0.1,0,0,0,0,0,0,0,0,0,0,0,0,0,0,12.9,13
2021,April,16,0,0,0,0,0,0,0,0,0,0,0,0,0,0,0,0,0,xx,xx,0,0,0,0,0,0,0,Tr
2021,April,17,0,0,0,0,0,0,0,2.8,0,0,0,0,0,0,0,0,0,0,0,0,0,0,0,0,0,2.8,2.6
2021,April,18,0,0,0,0,0,0,0,0,0,0,0,0,0,0,0,0,Tr,0,0,0,0,0,0,0,0,0,Tr
2021,April,19,0,0,0,0,0,0,0,0,0,0,0.2,0.5,0.6,1.8,Tr,0,0,0,0,0,0,0,0,0,0,3.1,3.1
2021,April,20,0,0,0,0,0,0,Tr,0,0,0,0,3.5,0,0,0,0,0,0,0,0,0,0,0,0,0,3.5,3.5
2021,April,21,0,0,0,0,0,0,0.7,7.3,1.8,0.2,0.1,0,0,0,0,0,0,0,0,0,0,0,0,0,0,10.1,9.6
2021,April,22,0,0,0,0,0,0,0,0,0,0.1,2.1,0.1,0,0,0,0,1.2,16.5,23.5,4.3,0.6,0.3,0.1,0,0,48.8,49.8
2021,April,23,0.4,0,0,0,0,0,0,1.4,0,0,0,0,0,0,0,0,0,0,0,0,0,0,0,0,0,1.8,1.7
2021,April,24,,,,,,,,,,,,,,,,,,,,,,,,,,xx,11.7
2021,April,25,0,0,0,0,0,0,0,0,0,0,0,0,0,0,0,0,0,0,0,0,0,0,0,0,0,0,Tr
2021,April,26,0,0,0,0,0,0,0,0,0,0,0,0,0,0,0,0,0,0,0,0,0,0,0,0,0,0,0
2021,April,27,0,0,0,0,0,0,0,0,0,0,0,0,0,0,0,0,0,0,0,0,0,0,0,0,0,0,0
2021,April,28,0,0,0,0,0,0,0,0,0,0,0,0,0,0,0,0,8.9,0,0.4,0,0,0,0,0,0,9.3,9.3
2021,April,29,0,0,0,0,0,0,0,0.2,2.8,3.3,0.1,0,0,0,0,0,0,0,0,0,0,0,0,0,0,6.4,6.4
2021,April,30,0,0,0,0,0,0,0,0,0,0,0,0,0.1,0,0,0,0,0,0,0,0,0,0,0,0,0.1,0.2
2021,May,1,0,0,0,0,0,0,30,18.9,0.1,0,0,0,0,0,0,0,0,0,0,0,0,0,0,0,0,49,50.5
2021,May,2,0,0,0,0,0,0,0,0,0,0,0,0,0,0,1.2,0.5,0,0,0,0,0,0,0,0,0,1.7,1.8
2021,May,3,0,0,0,0,0,0,0,2.2,0.5,55.3,25.6,1.3,0.1,0,0,0,0,0,0,0,0,0,0,0,0,85,88.3
2021,May,4,0,0,0,0,0,0,0,0,25.5,8.9,5,3.3,0,0,0,0,0,0,0,0,0,0,0,0,0,42.7,45.1
2021,May,5,0,0,0,0,0,0,0,0,0,6.9,8.8,4.7,0,0,0,0,0,0,0,0,0,0,0,0,0,20.4,20.6
2021,May,6,xx,xx,xx,xx,xx,xx,xx,xx,xx,xx,xx,xx,xx,xx,xx,xx,xx,xx,xx,xx,xx,xx,xx,xx,xx,xx,22.6
2021,May,7,0,0,0,0,0,0.1,0,0,2.9,0,0,0,0,0,0,0,0,0,0,0,0,0,0,0,0,3,3
2021,May,8,0,0,0,0,0,0,0,0.2,2.6,30.1,4.9,0,0,0,0,0,0,0,0,0,0,0,0,0,0,37.8,37.7
2021,May,9,0,0,0,0,0,0,0,0,0.4,0.6,9,13.3,1.2,0.4,0.2,0.1,0,0,0,0,0,0,0,0,0,25.2,25.2
2021,May,10,0,0,0,0,0,0,5.5,0,0,0,0,0,0,0,0,0,0,0,0,0,0,0,0,0,0,5.5,5.5
2021,May,11,0,0,0,0,0,0,0,0,0,0,0,0.2,1.1,0,0,0,0,2.3,TR,0,0,0,0.6,0.6,0,4.8,4.8
2021,May,12,0,0,0,0,0,2.5,4.6,0,0,0,0.9,17.7,0.2,0,0.9,0.1,0,0,0.1,0.3,0.5,0,0.1,0,0,27.9,27.9
2021,May,13,0,0,1.8,4.2,0,0.8,0.6,4.3,1.4,3.5,3.3,4.5,2.3,0,1.8,9.4,13.2,3.9,xx,xx,xx,xx,xx,xx,xx,xx,63.4
2021,May,14,0,0,0,0,0,0,0,0,0,0,0,0,0,0,0,2.8,0.1,0.1,0,0.1,0,0,0,0,0,3.1,3.1
2021,May,15,0,0,0,0,0,0,0,0,0,0,0,0,0,0,0,0,0,0,0,0,0,0,0,0,0,0,0
2021,May,16,0,0,0,0,0,0,0,0,0,0,0,0,0,0,0,0,0,0,0,0,0,0,0,0,0,0,0
2021,May,17,0,0,0,0,0,0,0,0,0,0,0,0,0,0,0,0,0,0,0,0,0,0,0,0,0,0,0
2021,May,18,0,0,0,0,0,0,0,0,0,0,0,0,0,0,0,0,0,0,0,0,0,0,0,0,0,0,0
2021,May,19,0,0,0,2.3,0,0,0,0,0,0,0,0,0,0,0,0,0,0,0,0,0,0,1.4,0,0,3.7,3.7
2021,May,20,0,0,0,0,0,0,0,10,24.5,0,7.5,0.2,0,2.1,11.2,0,0,0,0,3.2,0.2,1.2,0,0,0,60.1,59.7
2021,May,21,0,0,2.1,0,10.2,0.1,0.6,0,1.8,0.9,0,0,0,0,0,0,0,0,0.5,0,0,1.6,1.2,0.1,0,19.1,20.3
2021,May,22,2.1,0.1,0,8.2,0,0,0,0,0,0,1.1,0,0,0,0,0,0,0,0,0,0,0,0,3.8,0,15.3,15.4
2021,May,23,0,1.3,11,0,xx,xx,xx,0.3,0.2,0,0,0,0,0.5,1.7,9.9,4,0.3,8.1,1.7,0.3,0,1.1,0,0,xx,50.7
2021,May,24,0,1.5,2.4,5.1,10,0.1,4.8,0,8.2,13.5,xx,xx,xx,0.5,0,0,6.2,20.9,0.8,0.5,xx,xx,xx,xx,0.4,xx,97.6
2021,May,25,0,1.2,0,1.8,3.6,5.8,0.2,0.1,0.2,2.2,0.1,1.9,0.2,0.1,0,2.6,0.1,0,0,0,0,3,0.1,0.1,0,23.3,23.3
2021,May,26,0.5,0,0,2.8,2.8,0,1.3,2.3,3,0,0.9,3.3,0.2,0,0,6.2,0,0,2,1.6,0.9,0.8,0.5,0,0,29.1,29
2021,May,27,0,0,0.2,0.9,7,0,0,0.5,0,0,1,0,0,0,0,0.4,0,1.2,0,3,1,0.8,0.2,1.6,1,18.8,18.4
2021,May,28,0,0,0.4,0,0.7,0.1,0,0,0,0,0,0,0,0,TR,0.1,0,0,0.2,0,0,0.6,0,0,0,2.1,2.1
2021,May,29,0,0,0.5,0.1,6.4,0.4,0,0,0,1.3,0,0,0.1,0,0,0,0,0,0,0.1,0,0.8,0.1,1.3,1.4,12.5,12.5
2021,May,30,0,0,0,0.1,0,0,0,0,0,0,0,0,0.9,0.1,0,0,0.1,2.3,0,0,0,0,0,0,0,3.5,3.5
2021,May,31,0,0,2.1,0.1,0,0,0,0.7,0,0.4,0,0,3.4,0,0,0,0,0,0,0,0,0,0,0,0,6.7,6.7
2022,April,1,0,0,0,0,0,0,0,19.4,8.1,0,0,0,0,0,0,0,0,0,0,0,0,0,0,0,0,27.5,28
2022,April,2,0,0,0,0,0,0,0,0,0,0,0,0,0,0,0,0,0,0,0,0,0,0,0,0,0,0,0+
2022,April,3,0,0,0,0,0,0,0,0,0,1,Tr,0,0,0,0,0,0,0,0,0,0,0,0,0,0,1,1
2022,April,4,0,0,0,0,0,0,0,0,0,1.1,0.1,0.5,0,0,0,0,0,0,0,0,0,0,0,0,0,1.7,1.5
2022,April,5,0,0,0,0,5,5.5,0,0.1,0.3,0,0,0,0,0,0,0,0,0,0,0,0,0,0,0,0,10.9,10.7
2022,April,6,0,0,0,0,0,1.1,0.2,0.5,2.4,1.8,0.5,Tr,0.2,0.1,0,0,0,0,0,0,0,0,0,0,0,6.8,6.5
2022,April,7,0,0,0,0,0,0,0,0,27.4,35.4,10.5,0.3,0,6.8,2.2,0.6,0.1,0,0,0,0,0,0,0,0,83.3,83.4
2022,April,8,0,0,0,0,0,0.2,5.8,2.4,0.3,1.6,1.8,1.3,0.2,0,0,0,0,0,0,0,0,0,0,0,0,13.6,13.4
2022,April,9,0,0,0,0,0,0,0,0.1,0,0.5,1.5,2.9,0.6,0,0,0,0,0,4.8,0,0.1,0,0.3,0,0,10.8,10.4
2022,April,10,0,5,13.5,1.7,0.3,0.1,0,0,0,0,0,0,0,0,0,0,0,0,1.1,0,0.1,0,0,0,0,21.8,21.8
2022,April,11,0,0,0,0,0,0.2,0,0,0,0,0,0,0,0,0,0,2.2,0,0,0,0,0,0,0,0,2.4,2.1
2022,April,12,0,0,0.9,0,0,0.2,0.3,3.5,2.3,1.8,0.4,0,0,0,0,0,0,0,0,0,0,0,0,0,Tr,9.4,9.3
2022,April,13,Tr,0,Tr,0,Tr,0,0,0,0,4.6,0.3,0,0,0,0,0,0,0,0,0,0,0,0,0,0,4.9,4.9
2022,April,14,0,0,0,0,0,0,0,0,0,0,0,0,0,0,0,0,0,0,0,0,0,0,0,0,0,0,0
2022,April,15,0,0,0,0,0,0,0,0,0,0,0,0,0,0,0,0,0,0,0,0,0,0,0,0,0,0,0
2022,April,16,0,0,0,0,0,0,0,0,0,7.6,0,0,0,0,0,0,0,0,0,0,0,0,0,0,0,7.6,7.7
2022,April,17,0,0,0,0,0,0,0,0,0.6,0.9,0,0,0,0,0,0,0,0,0,0,0,0,0,0,0,1.5,1.4
2022,April,18,0,0,0,0,0,0,0,0,1.4,0,0,0,0,0,0,0,0,0,0,0,0.1,0,0,0,0,1.5,1.5
2022,April,19,0,Tr,0,0,0,0,0,0,1.7,Tr,0,0,0,0,0,0,0,0,0,0,0,0,0,0,0,1.7,1.7
2022,April,20,0,0,0,0,0,0,0,0,0,Tr,0,0,2.4,0,0,0.4,0,0,0,0,0,0,0,0,0,2.8,2.7
2022,April,21,0,0,0,0,0,3.5,2.3,5.4,1,0,0,0,0,0,0,0,0,0,0,0,0,0,0,0,0,12.2,12.3
2022,April,22,0,0,0,0,0,0.2,0.2,0.1,1.8,0.3,0,0,0,0,0,0,0,0,0,0,0,0,0,0,0,2.6,2.2
2022,April,23,0,0,0,0,0,0,0.7,1.1,1.8,3.6,4.7,2.7,0.2,0,0,0,0,0,0,0,0,0,0,0,0,14.8,14.7
2022,April,24,0,0,0,0,0,0,0,0,0,0,7.1,2.9,**,2.3,0,0,0,0,0,0,0,0,0,0,0,XX,48.7
2022,April,25,0,0,0,0,0,0,0,11.7,5.8,0.7,0,0,0,0,0,0,0,0,0,0,0,0,0,0,0,18.2,18.7
2022,April,26,0,0,0,0,0,0,0,0,0,0,0,0,0,0,0,0,0,0,0,0,0,0,0,0,0,0,0
2022,April,27,0,0,0,0,0,0,0,0,0,0,0,57,25.1,12.7,1.3,1.2,0.1,0,0,0,0,0,0,0,0,97.4,102.8
2022,April,28,0,0,0,0,0,0,2.9,0.3,0.3,0,0,0.3,0.1,Tr,0,0,0,0,0,0,0,0,0,0,0,3.9,3.9
2022,April,29,0,0,0,0,0,0,0,19.2,1.3,0.2,Tr,0,0,0,0,0,0,0,0,0,0,0,0,0,0,20.7,20.7
2022,April,30,0,0,0,0,0,0,0,0,0,0,0,0,0,0,0,0,0,0,0,0,0,0,0,0,0,0,0+
2022,May,1,0,0,0+,0,0,0,0,0,0,0,0,0,0,0,0,0.2,0,0,0,3.5,1.8,0+,0,0,0,5.5,5.5
2022,May,2,0,0,0,0,0,0,0,0,0,0,0,0,0,1,0.1,0,0,0,0,0,0,0,0,0,0,1.1,1.1
2022,May,3,0,0,0,0,0,0,0,0,0,0,0,0,0,0,0,0,0,0,0+,0,0,0,0,0,0,0+,0+
2022,May,4,0,0,0,0,0,0,0,0,0,0,0,0,0,0,0,0,0,0,0,0.2,0,0,2.9,1.3,0,4.4,4.2
2022,May,5,0.7,1.2,0,0,0,0,0,0,0,0,0,1.6,0,0,0,0,0,0.3,0,0,0,0,0,0,0,3.8,3.4
2022,May,6,0,0,0,0,0,0,0,0,0,0,0,0,0,0,0,0,0,0,0,0,0,0,0,0,0,0,0+
2022,May,7,0,0,0,0,0,0,0,0,0,0,0,0.7,0,0,0,0,0,0,0,0,0,0,0,0,0,0.7,0.5
2022,May,8,0,0,0,0,0,0,0,0,0,0,0,0,0,0,0,0,0,0.1,0,0,0+,0,0,0,0,0.1,0.1
2022,May,9,0,0,0,0,0,0,0,0,0,1.7,3.1,5,    XX,    XX,    XX,    XX,    XX,    XX,6.9,0.4,0.5,XX,6.8,0.1,0+,XX,105
2022,May,10,0,2.9,0,0,0,0,2.3,0,0,2.5,1.7,0,5.1,3,0,5.6,1.4,11.2,0.2,0.4,0.3,1,0.5,0,0,38.1,39
2022,May,11,0,0,0,0,0,0,0,0,0,0,0,0,0,0,0,0,0,0.3,0,0.1,0.8,0+,0.1,XX,XX,XX,24.6
2022,May,12,9.1,0.3,0+,0,6.4,2.9,0.9,7.2,1.1,2.6,0.1,1.5,0,0.9,0,1.1,2.4,2.3,8.2,4.3,1.5,0.1,3.8,7.6,1.7,66,62.7
2022,May,13,5.5,8,0.5,6.1,1.7,21.3,1.1,1.5,1.2,4.2,5.4,4,6.1,3.5,2.4,0.4,0.5,0,0,0.1,1.5,0.2,0,0.1,0,75.3,76
2022,May,14,0.2,9.9,0.2,17.1,4.8,3.7,XX,XX,4.1,0.4,2.2,3.1,1.8,0.1,0.1,0+,0.5,1.1,0,2.5,0.6,0.2,0.3,0,0,XX,71.3
2022,May,15,0,0,0,0,0,0,0,0,0.2,0.9,3.5,0,0,0,0,0,0,0,0,0,0,0.6,0,0.2,0.8,6.2,6.2
2022,May,16,0,0,0.1,0,0,0,XX,XX,0,0.1,0,0.3,0.3,0,0,0.1,0.2,1.2,0.8,1,5.4,0,0.1,0,0,XX,10.9
2022,May,17,0,2,6.3,0+,0,1.1,0.7,0+,0,3.1,0,2.6,0.9,0.1,0+,0.5,0,0,0,0,0,0,0,0.6,0,17.9,17.7
2022,May,18,4.2,0.5,0.2,1.1,0,6.2,2.6,0.1,0,0.1,0,6.7,1.3,0.9,15.7,2.4,0+,0,0.8,0.2,0,0.2,1.3,0,0.5,45,46
2022,May,19,0.3,0,0+,XX,XX,0.9,0,0+,0,0,0,0,0,0,0+,0,0,1.7,5.6,0.1,0,0.4,0.9,0.2,0,XX,10.2
2022,May,20,0,1.7,2.3,0,0,0,0,0,0,0,0,0,0,0,0,0,0.3,0,0,0,0.1,0,3.2,0+,0,7.6,7.6
2022,May,21,0,0,0.7,0,0,0,0,0,0,0.1,0,0.2,0.1,0,0,0.1,0,0,0.1,0.1,0,0,0,0,0,1.4,1.1
2022,May,22,0,0,0,0,0,0,0,0,0+,0.1,2.8,0,0,0,0.2,0,0,0,0,0,0,0,0.7,0.5,1.3,5.6,5.2
2022,May,23,0,0,0.7,1.2,0,0+,0,0,0+,0,0.4,0,2.1,0.2,0.2,0,2.1,1.1,1.2,0,0,0.2,1.4,4,0,14.8,14.8
2022,May,24,0,2.6,11,3.9,0.3,0,5.5,14.9,7.4,2.2,7.1,4.8,4.9,2.3,0.9,0,2.2,0.5,0.1,0,0,0.1,0,0.1,0,70.8,72.8
2022,May,25,0,0,0,1.7,0,3.1,0.3,0,0,0,0,0,0,0,0,0,0,0,0,0,0,1.7,0,0,0,6.8,6.4
2022,May,26,0,0,2.5,2.3,0.8,3.4,0.7,0,0.3,0,0,0,0,0,0.5,0,0.8,0,0.7,0.2,0,1,3.6,1,0,17.8,17.7
2022,May,27,0,0,0,0.8,0,0,1.7,0.2,0,4.1,0.2,0,0.3,0.4,0,0,0.4,0.7,0,1.1,1.8,0.1,0.1,0.2,0,12.1,11.9
2022,May,28,0,4.9,0,1,0.7,0,0,0+,2.7,0,0.7,0,0,0,0,0,0,5.2,1.2,0.7,0.1,0,0,0.1,0.7,18,17.7
2022,May,29,0+,0.1,0,5.3,0.6,1,5.3,1.3,0.3,0.1,0,0,0,0,0,3.8,0.7,0,0,0.2,0,0,0,0.2,0,18.9,18.7
2022,May,30,0+,0.1,0.1,6.6,0,0,0.5,0.2,0,0.6,1.9,6.4,0.1,0.6,1.3,0.1,0+,0,4.3,16.4,2.4,6.3,2.1,7.3,15.6,72.9,75.3
2022,May,31,10.7,17.2,12.9,4.8,2.3,4,2.5,0.3,0,0.4,2,1.3,0,0,0,0,0,0,0,0,0,0.2,0,0,0,58.6,60.5
2023,April,1,0,0,0,0,0,0,0,0,Tr,0,0,0,0,0,0,0,0,0,0,0,0,0,0,0,0,Tr,Tr
2023,April,2,0,0,0,0,0,1.1,4.7,0,0,0,0,0,0,0,0,0,0,0,0,0,0,0,0,0,0,5.8,5.8
2023,April,3,0,0,0,0,0,0,8.5,1,0,0.2,9.4,5.3,0,3.9,1.3,0,0,0,0,0,0,0,0,0,0,29.6,29.6
2023,April,4,0,0,0,0,0,13.6,10.2,5.8,10.5,2.6,0,0,0,0,0,0,0,0,0,0,0,0,0,0,0,42.7,43.7
2023,April,5,0,0,0,0,0,0,xx,xx,xx,xx,0,0,0,0,0,0,0,0,0,0,0,0,0,0,0,xx,5.1
2023,April,6,0,0,0,0,0,0,Tr,0,0,0,0,0,0,0,0,0,0,0,0,0,0,0,0,0,0,Tr,Tr
2023,April,7,0,0,0,0,0,0,0,0,0,0,15.1,9,0,0,0,0,0,0,0,0,0,0,0,0,0,24.1,24.1
2023,April,8,0,0,0,0,0,0,0,18.7,4,2.9,1.4,0,0,0,0,0,0,0,0,0,0,0,0,0,0,27,27
2023,April,9,0,0,0,0,0,0,0,0,0,0,0,0,0,0,0,0,0,0,0,0,0,0,0,0,0,0,0
2023,April,10,0,0,0,0,0,0,1.6,0,0,0,0,0,0,0,0,0,0,0,0,0,0,0,0,0,0,1.6,1.4
2023,April,11,0,0,0,0,0,0,0,0,0,0,0,0,0,0,0,0,0,0,0,0,0,0,0,0,0,0,0
2023,April,12,0,0,0,0,0,0,0,0,0,0,0,0,0,0,0,0,0,0,0,0,0,0,0,0,0,0,0
2023,April,13,0,0,0,0,0,0,0,0,0,0,0.4,14.9,0.2,0,0,0,0,0,0,0,0,0,0,0,0,15.5,15.5
2023,April,14,0,0,0,0,0,0,0,0,0.1,0,0,0,0,0,0,0,0,0,0,0,0,0,0,0,0,0.1,0.1
2023,April,15,0,0,0,0,0,0,0,0.7,4.3,0,0,0,0,0,0,0,0,0,0,0,0,0,0,0,0,5,5
2023,April,16,0,0,0,0,0,0,0,0,13.5,0,0,0,0,0,0,0,0,0,0,0,0,0,0,0,0,13.5,13.5
2023,April,17,0,0,0,0,0,0,0,0,0,0,0,0,0,0,0,0,0,0,0,0,0,0,0,0,0,0,Tr
2023,April,18,0,0,0,0,0,0,0,0,0,0,0,0,0,0,0,0,0,0,0,0,0,0,0,0,0,0,Tr
2023,April,19,0,0,0,0,0,0,0,0,0,0,0,0,0,0,0,0,0,0,0,0,0,0,0,0,0,0,Tr
2023,April,20,0,0,0,0,0,0,0,0,3.9,6.1,0,0,0,0,0,0,0,0,0,0,0,0,0,0,0,10,10
2023,April,21,0,0,0,0,0,0,1.9,0,0.1,0,0,0,0,0,0,0,0,0,0,0,0,0,0,0,0,2,2
2023,April,22,0,0,0,0,0,0,0,0,0,0,0,0,0,0,0,0,0,0,0,0,0,0,0,0,0,0,Tr
2023,April,23,0,0,0,0,0,0,0,0,1.2,0.2,1.3,1.2,0.2,0,0,0,0,0,0,0,0,0,0,0,0,4.1,4.1
2023,April,24,0,0,0,0,0,0,0.4,0,0.1,0.8,1.3,0.4,0,0,0,0,0,0,0,0,0,0,0,0,0,3,2.7
2023,April,25,0,0,0,0,0,0,0.3,0,0,0.6,1.6,0.1,0,0,0,0,0,0,0,0,0,0,0,0,0,2.6,2.6
2023,April,26,0,0,0,0,0,0,0,0.6,2.5,16.4,17.6,0.1,0,0,0,0,0,0,0,0,0,0,0,0,0,37.2,38.1
2023,April,27,0,0,0,0,0,0,0,5.1,0,0,0,0,0,0,0,0,0,0,0,0,0,0,0,0,0,5.1,5.1
2023,April,28,0,0,0,0,0,53.2,0.5,0,0,0,0,0,0,0,0,0,0,0,0,0,0,0,0,0,0,53.7,53.7
2023,April,29,0,0,0,0,2.2,8.1,0.5,0.1,0,0,0,0,0,0,0,0,0,0,0,0,0,0,0,0,0,10.9,10.9
2023,April,30,0,0,0,0,0,0,0,1.1,8.7,2.7,1.4,0,0,0,0,0,0,0,0,0,0,0,0,0,0,13.9,13.9
2023,May,1,0,0,0,0,0,0,Tr,0.8,0.3,0.6,Tr,6.7,0.1,0.6,0.1,0,0,0,0,0,0,0,0,0,0,9.2,9.2
2023,May,2,0,0.5,0,0,0,0,0,0,0,0,0,0,0,0,0,0,0,0,0.5,0,0,0,0,0,0,1,1
2023,May,3,0,0,0,0,0,0,4.5,1.6,0,0,0,0,0,0,0,0,0,0,0,0,0,0,xx,xx,0,xx,7
2023,May,4,0,0,0,0,0,0,0,0,0,0,0,Tr,0.1,1.3,0.6,0.7,0.2,0,0,0.1,0,0,0,0.2,0,3.2,3.2
2023,May,5,0,Tr,0,0,0,0,0,0,0,0,0,0,0,0,0,0,0,0,0,0,0,0,0,0,0,Tr,Tr
2023,May,6,0,0,0,0,0,0,0,0,0,0,0,0,0,0,0,0,0,0,0,2.8,12.3,0.4,0,0.1,0,15.6,15.9
2023,May,7,0,0,0,0,0,0,8.7,0,0,0.5,0,0,0,0,0,0,0,0,0,4.7,1,0,0,1.9,0,16.8,16.4
2023,May,8,0,0,2.5,0,0,0.2,0,0,0,0,0,0,0.1,0,0,0,0,0.5,24.6,3.6,0.6,0,0,0.8,0.5,33.4,33.8
2023,May,9,0.3,0,0,0,0,14.8,6.9,2.2,1.1,0.7,0.5,0,0,0,0,0,0,0,0,0,0,0,0,0,0,26.5,26.5
2023,May,10,0,0,0,0,1.5,1.1,1.5,0,1.1,0,3.5,2.3,0,0,0,0,0,0,0,0,0,0,0,0,0,11,11
2023,May,11,0,0,0,2.1,8.5,1.5,2.3,0.8,2.4,3.6,0.9,0,0,0,0.2,0,1.7,0,2.9,0.3,0.1,0.1,0,0.1,0,27.5,27.3
2023,May,12,0,Tr,0.2,0,0,Tr,0,0,0,1.7,0,0,0,0,1.3,0.4,8,1,2,0.4,0.3,22,2.4,8.3,0,48,48
2023,May,13,0,0,6.3,0.1,0.5,0,0.1,0,0,0,0,0,0,0,0.2,0,0.3,0.7,0.1,0.1,0,2.4,0.7,1,0.2,12.7,12.7
2023,May,14,0,0,1,1.9,0,0.1,2.1,0,0,0,2.6,0,0.1,0.1,0.2,0,0,1.2,0,0,0.1,0,1.6,0,0,11,11.3
2023,May,15,0,Tr,0,0,0,0,0,0,0,0,0,0,0,0,0,0,0,0,0,0,0,0,0,0,0,Tr,Tr
2023,May,16,0,0,0,0,0,0,0,0,0,0,0,0,0,0,0,0,0,0,0,0,0,0,0,0,0,0,0
2023,May,17,0,0,0,0,0,0,0,46,0.6,0,0,0,0,0,0,0,0,0,0,0,0,0,0,0,0,46.6,46.6
2023,May,18,0,0,0,0,0,0,0,0,xx,xx,xx,xx,xx,0,0,0,0,0,0,0,0,0,0,0,0,xx,30.8
2023,May,19,0,0.4,0,0,0,Tr,0.1,0,0.7,9.3,6.2,0,1.7,0.2,0,0,0,0,0,0,0,0,0,0,0,18.6,18.2
2023,May,20,0,0,0,0,0,0,0,0,0,0,0,0,0,0,0,0,0,0,0,0,1.1,0,0.7,1.3,0,3.1,2.9
2023,May,21,0,0,0,0,0,0,0,0,0,0,0,0,0,0,0,0,0,0,0,0,0,0,0,0,0,0,0
2023,May,22,0,0,0,0,0,0,0,0,0,0,0,0,0,0,0,0,0,0,0,0,0,0,0,0,0,0,0
2023,May,23,0,0,0,0,0,0,0,0,0,0,0,0,0,0,0,0,0,0,0,0,0,0,0,0,0,0,Tr
2023,May,24,0,0,0,0,0,0,0,0,0,0,0,0,0,0,0,0,0,0,0,0,0,0,0,0,0,0,0
2023,May,25,0,0,0,0,0,0,0,0,0,0,0,0,0,0,0,0,0,0,0,0,0,0,0,0,0,0,0
2023,May,26,0,0,0,0,0,0,0,0,0,0,0,0,0,0,0,0,0,0,0,0,0,0,0,0,0,0,Tr
2023,May,27,0,0.1,0.1,0,0,0,0,0,0,0,0,0,0,0,0,0,0,0,0,0,0.6,0.1,0,0,0,0.9,1.1
2023,May,28,0,0,0.3,0,0,0,0,0,0,0,0,0,0,0,0,0,0,0,0,0,0,0,0,0,0,0.3,0.3
2023,May,29,0,0,0,0,0,0,0.4,0,0,0,0,0,0,0,0,0,0,0,0,0,0,0,0,0,0,0.4,0.4
2023,May,30,0,0,0,0,0,0,0,0,0,0,0,0,0,xx,xx,xx,xx,xx,xx,xx,xx,xx,xx,xx,xx,xx,103.5
2023,May,31,0,0,0,0,0,0,0,0,0,0,0,0,0,0,0,Tr,0,0,0,0,0,0.1,0,Tr,7.1,7.2,7.2
2024,April,1,0,0,0,0,0,17.5,1.4,0,2.2,0.9,0,0,0,0,0,0,0,0,0,0,0,0,0,0,0,22,22
2024,April,2,0,0,0,0,0,0,0,0,0,0.5,1.2,18.3,42,23.4,32,0.1,0,0,0,0,0,0,0,0,0,117.5,121.7
2024,April,3,0,0,0,0,0,0,0,0,0,0.2,0.1,0,0,0,0,0,0,0,0,0,0,0,0,0,0,0.3,0.2
2024,April,4,0,0,0,0,0,0,0.1,0,1.9,0.7,0.4,2.4,0.2,0,0,0,0,0,0,0,0,0,0,0,0,5.7,5.6
2024,April,5,0,0,0,0,0,0,0,0,0,2.9,0,0,1.8,0,0,0,0,0,0,0,0,0,0,0,0,4.7,4.5
2024,April,6,0,0,0,0,0,0,0,0,0,0,0,5.2,0,0,0,0,0,0,0,0,0,0,0,0,0,5.2,5.1
2024,April,7,0,0,0,0,0,0,0,0,3.1,0,0,0,0,0,0,0,0,0,0,0,0,0,0,0,0,3.1,2.9
2024,April,8,0,0,0,0,0,0,0,0,0,0,3.7,0,0,0,0,0,0,0,0,0,0,0,0,0,0,3.7,3.7
2024,April,9,0,0,0,0,0,0,0,0,0,0,0,0,0,0,0,0,0,0,0,0,0,0,0,0,0,0,0
2024,April,10,0,0,0,0,0,0,0,0,0,0,0,0,0,0,0,0,0,0,0,0,0,0,0,0,0,0,Tr
2024,April,11,0,0,0,0,0,0,0,0,0,0,0.7,0.7,0.2,0,0,0,0,0,0,0,0,0,0,0,0,1.6,1.6
2024,April,12,0,0,0,0,5.4,0,0,0,0,0,0,0,0,0,0,0,0,0,0,0,0,0,0,0,0,5.4,5.4
2024,April,13,0,0,0,0,xx,xx,0.5,0,0,0,0,0,0,0,0,0,0,0,0,0,0,0,0,0,0,0.5,10.6
2024,April,14,0,0,0,0,0,0,0,0.3,1.3,2.2,0,0,0,0,0,0,0,0,0,0,0,0,0,0,0,3.8,3.8
2024,April,15,0,0,0,0,0,3.5,0.1,6.4,2.3,0,0,0,0,0,0,0,0,0,0,0,0,0,0,0,0,12.3,12.3
2024,April,16,0,0,0,0,0,0,0.4,3.3,0,0,0,0,0,0,0,0,0,0,0,0,0,0,0,0,0,3.7,3.5
2024,April,17,0,xx,xx,0,0,0,0,1.6,xx,xx,xx,xx,xx,xx,xx,xx,0,0,0,0,0,0,0,0,0,1.6,2.7
2024,April,18,0,0,0,0,0,0,0,0.2,0,1.7,0,0,0,0,0,0,0,0,0,0,0,0,0,0,0,1.9,1.6
2024,April,19,0,0,0,0,0,0,0,0,0.2,0.2,0,0,0,0,0,0,0,0,0,0,0,0,0,0,0,0.4,0.3
2024,April,20,0,0,0,0,0,0,0.2,0.1,0,0,0,0.3,0,0.2,0,0,0,0,0,0,0,0,0,0,0,0.8,0.4
2024,April,21,0,0,0,0,0,0,0,0,0,0,0.3,0,0.1,0,0,0,0,0,0,0,0,0,0,0,0,0.4,0.2
2024,April,22,0,0,0,0,0,0,0,0,8.2,0,0.1,0,0,0,0,0,0,0,0,0,0,0,0,0,0,8.3,8.3
2024,April,23,0,0,0,0,0,0,40,10.8,0.6,0.1,Tr,0,0,0,0,0,0,0,0,0,0,0,0,0,0,51.5,53.7
2024,April,24,0,0,0,0,0,0,0,0,0.1,3,0.2,0,0,0,0,0,0,0,0,0,0,0,0,0,0,3.3,3.3
2024,April,25,0,0,0,0,0,0,0,0,0,0,0,0,0,0,0,0,0,0,0,0,0,0,0,0,0,0,0
2024,April,26,0,0,0,0,0,0,0,0,0,0,0,0,0,0.8,0,0,0,0,0,0,0,0,0,0,0,0.8,0.8
2024,April,27,0,0,0,0,0,0,0,1,70.5,18.5,20,10.7,0.7,0.2,0,0,0,0,0,0,0,0,0,0,0,121.6,127.8
2024,April,28,0,0,0,0,0,0,0,0,0,0,0,0,0,0,0,0,0,0,0,0,0,0,0,0,0,0,Tr
2024,April,29,0,0,0,0,0,0,0,5.8,0.4,0.2,0.5,0.3,2.8,0,0,0,0,0,0,0,0,0,0,0,0,10,9.7
2024,April,30,0,0,0,0,0,xx,xx,xx,xx,xx,xx,xx,0,0,0,0,0,0,0,0,0,0,0,0,0,xx,24.1
2024,May,1,0,0,0,0,0,0,0,0,0.2,0,10.2,0,0,0,0,0,0,0,0,0,0,0,0,0,0,10.4,10.6
2024,May,2,0,0,0,0,0,0,0,0,0,0,0,0,0,0,0,0,0,0,0,0,0,0,0,0,0,0,0
2024,May,3,0,0,0,0,0,0,0,0,0,0,0,0,0,0,0,0,0,0,0,0,0,0,0,0,0,0,Tr
2024,May,4,0,0,0,0,0,0,0,0,0.1,0,0,0,0,0,0,0,0,0,0,0,0,0,0,0,0,0.1,0.1
2024,May,5,0,0,0,0,0,0,0,0,0,0,0,0,0,0,0,0,0,0,0,0,0,0,0,0,0,0,Tr
2024,May,6,0,0,0,0,0,0,0,15.5,23.9,0,0,0,0.2,0,0,0,0,0,0,0,0,0,0,0,0,39.6,41.2
2024,May,7,0,0,0,0,0,0,0,0,0,0,0,0,0,0,0,0,0,0,0,0,0,0,0,0,0,0,0
2024,May,8,0,0,0,0,0,0,0,0,0,0,0,0.4,0.1,0,0,0,0,0,0,0,0,0,0,0,0,0.5,0.4
2024,May,9,0,0,0,0,0,0,0,0,0,0,0,0,0,0,0,0,0,0,0,0,0,0,0,0,0,0,0
2024,May,10,0,0,0,0,0,0,0,0,0,Tr,0,0.2,0.2,0,0,0,0,0,0,0,0,0,0,0,0,0.4,0.3
2024,May,11,0,0,0,0,0,0,0,0,0,0,0,4.5,5,0,0.1,0,0,0,0,0,0,0,0,0,0,9.6,9.3
2024,May,12,0,0,0,0,30,2.6,0.5,1.6,0.5,0.2,0,0,0,0,0,0,0,0,0,0,0,0,0,0,0,35.4,36.1
2024,May,13,0,0,0,0,0,0,0.1,2.1,0.2,0,0,0,0,0.1,0.5,0.2,0,0,0,0,0,0,0,0,0,3.2,2.8
2024,May,14,0,0,0,0,0,0,0.1,0,0.9,xx,xx,xx,xx,xx,0.3,0,0,0,0,0,0,0,0,0,0,xx,12
2024,May,15,0,0,0,0,0,0,10,15.1,0,0.2,0,0,1.1,0,0,0.3,0,0,0,0,0,0,0,0,0,26.7,27.7
2024,May,16,0,0,0,0,10,6.2,1.1,0,0.1,0.2,0.1,0,0,0,0,0,0,0,0,0,0,0,0,0,0,17.7,17.7
2024,May,17,0,0,0,0,16.2,1.3,1.3,0.3,0,Tr,0,0.1,0,0,0,0,0,0,0,0,0,0,0,0,0,19.2,19.1
2024,May,18,0,0,0,0,0,0,0,0,0.9,5.1,4.7,0.5,0.1,0.4,1,0.4,0,0,1.3,0.3,1,0,0,Tr,0,15.7,15.6
2024,May,19,2.2,3.8,3,1,0,0,0,0.5,0,0.3,0,0,28.4,1.2,1,0,0,1.5,0.5,7.3,0.1,2,0.2,0.4,0,53.4,53.4
2024,May,20,5,xx,xx,0,4.8,15,3.9,0.5,Tr,0,0,12.3,0.2,0.1,0,0,0,0,0,3.3,0.6,0.1,4.5,0.2,0,50.5,52.1
2024,May,21,0,0,0,2.1,2.1,0,0,0.2,0.1,0,0,2,0.1,0,0,0,0.7,0.1,0.6,0.9,0.1,1,0,0,2.1,12.1,11.9
2024,May,22,0.1,0.1,3.8,0.8,xx,xx,xx,1.2,0.1,0.4,xx,xx,0.7,1.1,0.7,0.2,0.9,0.5,0.5,xx,xx,0.6,0,Tr,Tr,xx,41.7
2024,May,23,0,4.7,0,0,0.2,0,0,0,0,1.8,0,0,0,1.6,0.1,0,0,0,xx,xx,xx,xx,0,0.7,Tr,xx,10.1
2024,May,24,1.5,0.6,1,1.9,5.6,Tr,1,0.4,0.3,1.8,2.8,0,2.6,0.1,0,10.4,6.4,0,0.3,0,0,0.7,0.3,2,0.3,40,39.4
2024,May,25,0.4,xx,xx,xx,0.5,0.5,2.6,1,4.3,xx,xx,xx,xx,xx,xx,xx,xx,xx,xx,xx,xx,xx,0,0,0,xx,40.1
2024,May,26,0,0,xx,xx,xx,xx,0,0.7,7.7,3.5,1.8,0.1,0,0,1.3,0,0,0,0,0,0,1.7,2.4,0,0,19.2,22.2
2024,May,27,2.5,0,4.1,0,0.9,0,0,0.3,0.9,0.7,0.1,4,0,0,0,0.2,0.4,0.3,11.1,10,1,0,1,1,0,38.5,37.8
2024,May,28,0,2.5,0.5,18.1,0,0,0,0,0.1,0.8,5,0.5,0.2,3,1.5,0.2,0,0,0.5,0,0.1,0.9,0,0.2,0.3,34.4,33.9
2024,May,29,0.9,0,0,1.1,0.1,2,14.4,xx,xx,xx,xx,xx,xx,xx,xx,xx,xx,xx,xx,xx,xx,xx,xx,xx,xx,xx,41.9
2024,May,30,0.2,0,0,0,0,0.2,0,0.1,0.1,0,0,0,0,0.1,0.3,0,0,0,0.2,0,0.3,0,0,0,0,1.5,1.2
2024,May,31,0,0,9.4,8.6,0.5,0.6,2.2,0,0,0,0,0,1.5,2.3,0,0,4.9,10.3,8.9,11.1,0,0.1,0,0,0,60.4,62.5
