Date,Hour,Discharge Rate (cumecs),Rainfall Data (mm),Water Level (m)
2021-04-01,1,16.45,0,1
2021-04-01,2,16.28,0,0.99
2021-04-01,3,16.12,0,0.98
2021-04-01,4,15.78,0,0.96
2021-04-01,5,15.62,0,0.95
2021-04-01,6,15.45,0,0.94
2021-04-01,7,15.29,0,0.93
2021-04-01,8,15.12,0,0.92
2021-04-01,9,15.12,0,0.92
2021-04-01,10,14.96,0,0.91
2021-04-01,11,14.96,0,0.91
2021-04-01,12,14.64,0,0.89
2021-04-01,13,14.48,0,0.88
2021-04-01,14,14.32,0,0.87
2021-04-01,15,14.16,0,0.86
2021-04-01,16,14.01,0,0.85
2021-04-01,17,13.85,0,0.84
2021-04-01,18,13.85,0,0.84
2021-04-01,19,13.85,0,0.84
2021-04-01,20,14.01,0,0.85
2021-04-01,21,14.01,0,0.85
2021-04-01,22,14.48,0,0.88
2021-04-01,23,14.8,0,0.9
2021-04-01,24,15.12,0,0.92
2021-04-02,1,15.95,0,0.97
2021-04-02,2,16.45,0,1
2021-04-02,3,16.12,0,0.98
2021-04-02,4,15.78,0,0.96
2021-04-02,5,15.29,0,0.93
2021-04-02,6,14.8,0,0.9
2021-04-02,7,14.48,0,0.88
2021-04-02,8,14.32,0,0.87
2021-04-02,9,14.01,0,0.85
2021-04-02,10,13.85,0,0.84
2021-04-02,11,13.7,0,0.83
2021-04-02,12,13.54,0,0.82
2021-04-02,13,13.39,0,0.81
2021-04-02,14,13.24,0,0.8
2021-04-02,15,13.24,0,0.8
2021-04-02,16,13.24,0,0.8
2021-04-02,17,13.09,0,0.79
2021-04-02,18,12.93,0,0.78
2021-04-02,19,12.93,0,0.78
2021-04-02,20,12.64,0,0.76
2021-04-02,21,12.64,0,0.76
2021-04-02,22,12.64,0,0.76
2021-04-02,23,12.49,0,0.75
2021-04-02,24,12.34,0,0.74
2021-04-03,1,12.19,0,0.73
2021-04-03,2,12.05,0,0.72
2021-04-03,3,11.9,0,0.71
2021-04-03,4,11.76,0,0.7
2021-04-03,5,11.76,0,0.7
2021-04-03,6,11.76,0,0.7
2021-04-03,7,11.62,0,0.69
2021-04-03,8,11.62,0,0.69
2021-04-03,9,11.48,0,0.68
2021-04-03,10,11.48,0,0.68
2021-04-03,11,11.48,0,0.68
2021-04-03,12,11.48,0,0.68
2021-04-03,13,11.33,0,0.67
2021-04-03,14,11.33,0,0.67
2021-04-03,15,11.19,0,0.66
2021-04-03,16,11.19,0,0.66
2021-04-03,17,11.19,0,0.66
2021-04-03,18,11.05,0,0.65
2021-04-03,19,11.19,0,0.66
2021-04-03,20,10.92,0,0.64
2021-04-03,21,10.92,0,0.64
2021-04-03,22,10.92,0,0.64
2021-04-03,23,10.64,0,0.62
2021-04-03,24,10.51,0,0.61
2021-04-04,1,10.37,0,0.6
2021-04-04,2,10.37,0,0.6
2021-04-04,3,10.37,0,0.6
2021-04-04,4,10.37,0,0.6
2021-04-04,5,10.24,0,0.59
2021-04-04,6,10.24,0,0.59
2021-04-04,7,10.1,0,0.58
2021-04-04,8,10.1,0,0.58
2021-04-04,9,10.1,0,0.58
2021-04-04,10,10.1,0,0.58
2021-04-04,11,9.97,0,0.57
2021-04-04,12,9.84,0,0.56
2021-04-04,13,9.84,0,0.56
2021-04-04,14,9.84,0,0.56
2021-04-04,15,9.71,0,0.55
2021-04-04,16,9.58,0,0.54
2021-04-04,17,9.45,0,0.53
2021-04-04,18,9.45,0,0.53
2021-04-04,19,9.45,0,0.53
2021-04-04,20,9.58,0,0.54
2021-04-04,21,9.84,0,0.56
2021-04-04,22,9.97,0,0.57
2021-04-04,23,9.97,0,0.57
2021-04-04,24,9.97,0,0.57
2021-04-05,1,9.84,0,0.56
2021-04-05,2,9.58,0,0.54
2021-04-05,3,9.45,0,0.53
2021-04-05,4,9.32,0,0.52
2021-04-05,5,9.07,0,0.5
2021-04-05,6,8.82,0,0.48
2021-04-05,7,8.57,0,0.46
2021-04-05,8,8.57,0,0.46
2021-04-05,9,8.57,0,0.46
2021-04-05,10,8.94,0,0.49
2021-04-05,11,9.07,0,0.5
2021-04-05,12,9.07,0,0.5
2021-04-05,13,9.07,0,0.5
2021-04-05,14,8.94,0,0.49
2021-04-05,15,8.94,0,0.49
2021-04-05,16,8.82,0,0.48
2021-04-05,17,8.69,0,0.47
2021-04-05,18,8.57,0,0.46
2021-04-05,19,8.45,0,0.45
2021-04-05,20,8.45,0,0.45
2021-04-05,21,8.57,0,0.46
2021-04-05,22,8.94,0,0.49
2021-04-05,23,9.32,0,0.52
2021-04-05,24,9.45,0,0.53
2021-04-06,1,9.58,0,0.54
2021-04-06,2,9.58,0,0.54
2021-04-06,3,9.58,0,0.54
2021-04-06,4,9.32,0,0.52
2021-04-06,5,9.19,0,0.51
2021-04-06,6,9.07,0,0.5
2021-04-06,7,8.94,0,0.49
2021-04-06,8,8.82,0,0.48
2021-04-06,9,8.57,0,0.46
2021-04-06,10,8.57,0,0.46
2021-04-06,11,8.69,0,0.47
2021-04-06,12,8.94,0,0.49
2021-04-06,13,8.94,0,0.49
2021-04-06,14,8.82,0,0.48
2021-04-06,15,8.69,0,0.47
2021-04-06,16,8.69,2.8,0.47
2021-04-06,17,8.69,1.8,0.47
2021-04-06,18,8.57,0,0.46
2021-04-06,19,8.45,0,0.45
2021-04-06,20,8.45,0,0.45
2021-04-06,21,8.45,0,0.45
2021-04-06,22,8.57,0,0.46
2021-04-06,23,8.57,0,0.46
2021-04-06,24,8.69,0,0.47
2021-04-07,1,8.69,0,0.47
2021-04-07,2,8.69,0,0.47
2021-04-07,3,8.69,0,0.47
2021-04-07,4,8.69,0,0.47
2021-04-07,5,8.57,0,0.46
2021-04-07,6,8.57,0,0.46
2021-04-07,7,8.57,0,0.46
2021-04-07,8,8.45,0,0.45
2021-04-07,9,8.57,0,0.46
2021-04-07,10,8.69,0,0.47
2021-04-07,11,8.82,0,0.48
2021-04-07,12,8.82,0,0.48
2021-04-07,13,8.69,0,0.47
2021-04-07,14,8.45,0,0.45
2021-04-07,15,8.33,0,0.44
2021-04-07,16,8.33,0,0.44
2021-04-07,17,8.33,0.8,0.44
2021-04-07,18,8.21,21,0.43
2021-04-07,19,8.21,,0.43
2021-04-07,20,8.21,0.1,0.43
2021-04-07,21,8.21,,0.43
2021-04-07,22,8.21,0.1,0.43
2021-04-07,23,8.21,,0.43
2021-04-07,24,8.21,0,0.43
2021-04-08,1,8.21,0,0.43
2021-04-08,2,8.21,0,0.43
2021-04-08,3,8.21,0,0.43
2021-04-08,4,8.33,0,0.44
2021-04-08,5,8.45,0,0.45
2021-04-08,6,8.57,0,0.46
2021-04-08,7,9.07,0,0.5
2021-04-08,8,10.1,0,0.58
2021-04-08,9,11.48,0,0.68
2021-04-08,10,12.64,0,0.76
2021-04-08,11,13.09,0,0.79
2021-04-08,12,13.09,0,0.79
2021-04-08,13,12.93,0,0.78
2021-04-08,14,12.49,0,0.75
2021-04-08,15,12.05,0,0.72
2021-04-08,16,11.62,0,0.69
2021-04-08,17,11.48,0,0.68
2021-04-08,18,11.19,0,0.66
2021-04-08,19,11.62,0,0.69
2021-04-08,20,12.05,0,0.72
2021-04-08,21,13.09,0,0.79
2021-04-08,22,14.32,0,0.87
2021-04-08,23,15.78,0,0.96
2021-04-08,24,17.31,0,1.05
2021-04-09,1,18.73,0,1.13
2021-04-09,2,20.39,0,1.22
2021-04-09,3,21.54,0,1.28
2021-04-09,4,23.12,0,1.36
2021-04-09,5,23.73,0,1.39
2021-04-09,6,24.34,0,1.42
2021-04-09,7,22.72,0,1.34
2021-04-09,8,21.54,0,1.28
2021-04-09,9,20.2,0,1.21
2021-04-09,10,19.09,0,1.15
2021-04-09,11,17.66,0,1.07
2021-04-09,12,16.45,0,1
2021-04-09,13,15.62,0,0.95
2021-04-09,14,15.12,0,0.92
2021-04-09,15,14.64,0,0.89
2021-04-09,16,14.16,0,0.86
2021-04-09,17,13.54,0,0.82
2021-04-09,18,13.09,0,0.79
2021-04-09,19,12.78,0,0.77
2021-04-09,20,12.49,0,0.75
2021-04-09,21,12.34,0,0.74
2021-04-09,22,12.05,0,0.72
2021-04-09,23,11.76,0,0.7
2021-04-09,24,11.48,0,0.68
2021-04-10,1,11.9,0.1,0.71
2021-04-10,2,13.54,0,0.82
2021-04-10,3,14.48,0,0.88
2021-04-10,4,14.96,0,0.91
2021-04-10,5,15.29,0,0.93
2021-04-10,6,14.48,0,0.88
2021-04-10,7,13.85,0,0.84
2021-04-10,8,13.39,0,0.81
2021-04-10,9,12.78,0,0.77
2021-04-10,10,12.19,0,0.73
2021-04-10,11,11.76,0,0.7
2021-04-10,12,11.76,0,0.7
2021-04-10,13,11.9,0,0.71
2021-04-10,14,11.9,0,0.71
2021-04-10,15,11.76,0,0.7
2021-04-10,16,11.48,0,0.68
2021-04-10,17,11.48,0,0.68
2021-04-10,18,12.64,0,0.76
2021-04-10,19,14.8,10,0.9
2021-04-10,20,29.31,0.1,1.65
2021-04-10,21,44.46,0,2.25
2021-04-10,22,54.74,0,2.6
2021-04-10,23,59.79,0,2.76
2021-04-10,24,62.41,0,2.84
2021-04-11,1,65.41,0,2.93
2021-04-11,2,69.88,0,3.06
2021-04-11,3,73.77,0,3.17
2021-04-11,4,78.51,0,3.3
2021-04-11,5,81.12,0,3.37
2021-04-11,6,83.77,0,3.44
2021-04-11,7,82.63,0,3.41
2021-04-11,8,80.74,0,3.36
2021-04-11,9,78.14,0,3.29
2021-04-11,10,73.05,0,3.15
2021-04-11,11,67.8,0,3
2021-04-11,12,62.74,0,2.85
2021-04-11,13,57.24,0,2.68
2021-04-11,14,52.6,0,2.53
2021-04-11,15,48.73,0,2.4
2021-04-11,16,45.01,4.7,2.27
2021-04-11,17,41.71,3.1,2.15
2021-04-11,18,39.32,0,2.06
2021-04-11,19,36.74,0,1.96
2021-04-11,20,34.75,0,1.88
2021-04-11,21,36.49,0,1.95
2021-04-11,22,40.11,0.5,2.09
2021-04-11,23,44.73,1.8,2.26
2021-04-11,24,47.86,0.5,2.37
2021-04-12,1,48.15,0.1,2.38
2021-04-12,2,47.28,0.2,2.35
2021-04-12,3,45.86,0.1,2.3
2021-04-12,4,43.35,0,2.21
2021-04-12,5,40.64,0,2.11
2021-04-12,6,37.51,0,1.99
2021-04-12,7,35.24,0,1.9
2021-04-12,8,33.04,0,1.81
2021-04-12,9,30.69,0,1.71
2021-04-12,10,28.86,0,1.63
2021-04-12,11,27.09,0,1.55
2021-04-12,12,25.81,0,1.49
2021-04-12,13,24.55,0,1.43
2021-04-12,14,23.73,0,1.39
2021-04-12,15,22.52,0,1.33
2021-04-12,16,21.93,0,1.3
2021-04-12,17,21.15,0,1.26
2021-04-12,18,20.39,0,1.22
2021-04-12,19,19.64,0,1.18
2021-04-12,20,19.09,2.3,1.15
2021-04-12,21,18.73,0.4,1.13
2021-04-12,22,18.19,1.5,1.1
2021-04-12,23,18.55,0,1.12
2021-04-12,24,18.91,0,1.14
2021-04-13,1,20.96,0,1.25
2021-04-13,2,24.96,0,1.45
2021-04-13,3,33.28,0,1.82
2021-04-13,4,39.85,0,2.08
2021-04-13,5,44.73,0,2.26
2021-04-13,6,47.86,0,2.37
2021-04-13,7,49.61,0,2.43
2021-04-13,8,51.39,0,2.49
2021-04-13,9,51.39,0,2.49
2021-04-13,10,51.09,0,2.48
2021-04-13,11,49.32,0,2.42
2021-04-13,12,47.86,0,2.37
2021-04-13,13,45.29,0,2.28
2021-04-13,14,42.53,0,2.18
2021-04-13,15,39.85,0,2.08
2021-04-13,16,37.51,0.1,1.99
2021-04-13,17,35.24,0,1.9
2021-04-13,18,33.04,0,1.81
2021-04-13,19,30.45,0,1.7
2021-04-13,20,29.31,0.5,1.65
2021-04-13,21,28.19,0.5,1.6
2021-04-13,22,27.53,0.1,1.57
2021-04-13,23,27.53,0,1.57
2021-04-13,24,27.75,0,1.58
2021-04-14,1,27.97,0,1.59
2021-04-14,2,27.75,0,1.58
2021-04-14,3,28.19,0,1.6
2021-04-14,4,30.45,0,1.7
2021-04-14,5,32.57,0,1.79
2021-04-14,6,34.01,0,1.85
2021-04-14,7,35.24,0,1.9
2021-04-14,8,35.24,0,1.9
2021-04-14,9,34.01,0,1.85
2021-04-14,10,32.09,0,1.77
2021-04-14,11,30.45,0,1.7
2021-04-14,12,28.86,0,1.63
2021-04-14,13,27.53,0,1.57
2021-04-14,14,26.02,0,1.5
2021-04-14,15,24.96,0,1.45
2021-04-14,16,24.14,0.2,1.41
2021-04-14,17,23.52,19.8,1.38
2021-04-14,18,23.52,17.8,1.38
2021-04-14,19,23.52,3.2,1.38
2021-04-14,20,24.96,1.9,1.45
2021-04-14,21,28.19,0.4,1.6
2021-04-14,22,30.92,2.3,1.72
2021-04-14,23,33.53,0,1.83
2021-04-14,24,40.38,0.1,2.1
2021-04-15,1,51.69,0,2.5
2021-04-15,2,60.12,0,2.77
2021-04-15,3,66.43,0,2.96
2021-04-15,4,69.18,0,3.04
2021-04-15,5,68.49,0,3.02
2021-04-15,6,67.11,0,2.98
2021-04-15,7,63.07,0,2.86
2021-04-15,8,58.19,0,2.71
2021-04-15,9,53.2,0,2.55
2021-04-15,10,48.15,0,2.38
2021-04-15,11,44.18,0,2.24
2021-04-15,12,40.91,0,2.12
2021-04-15,13,37.51,0,1.99
2021-04-15,14,34.99,0,1.89
2021-04-15,15,33.53,0.9,1.83
2021-04-15,16,31.62,5.4,1.75
2021-04-15,17,31.15,6.2,1.73
2021-04-15,18,32.09,0.3,1.77
2021-04-15,19,35.24,0.1,1.9
2021-04-15,20,40.91,0,2.12
2021-04-15,21,51.09,0,2.48
2021-04-15,22,60.44,0,2.78
2021-04-15,23,64.4,0,2.9
2021-04-15,24,66.43,0,2.96
2021-04-16,1,68.14,0,3.01
2021-04-16,2,69.18,,3.04
2021-04-16,3,71.28,,3.1
2021-04-16,4,69.88,0,3.06
2021-04-16,5,68.49,0,3.02
2021-04-16,6,65.07,0,2.92
2021-04-16,7,60.44,0,2.78
2021-04-16,8,56.61,0,2.66
2021-04-16,9,52.6,0,2.53
2021-04-16,10,48.73,0,2.4
2021-04-16,11,45.29,0,2.28
2021-04-16,12,42.53,0,2.18
2021-04-16,13,40.11,0,2.09
2021-04-16,14,37.51,0,1.99
2021-04-16,15,35.74,0,1.92
2021-04-16,16,34.01,0,1.85
2021-04-16,17,32.57,0,1.79
2021-04-16,18,31.38,0,1.74
2021-04-16,19,30,0,1.68
2021-04-16,20,28.86,0,1.63
2021-04-16,21,28.19,0,1.6
2021-04-16,22,33.28,0,1.82
2021-04-16,23,45.01,0,2.27
2021-04-16,24,51.69,0,2.5
2021-04-17,1,53.2,0,2.55
2021-04-17,2,52.6,0,2.53
2021-04-17,3,50.5,0,2.46
2021-04-17,4,47.86,0,2.37
2021-04-17,5,45.86,0,2.3
2021-04-17,6,43.07,0,2.2
2021-04-17,7,40.91,0,2.12
2021-04-17,8,38.54,0,2.03
2021-04-17,9,36.49,0,1.95
2021-04-17,10,34.75,0,1.88
2021-04-17,11,33.28,0,1.82
2021-04-17,12,31.85,0,1.76
2021-04-17,13,30.69,0,1.71
2021-04-17,14,29.54,0,1.66
2021-04-17,15,28.42,0,1.61
2021-04-17,16,27.53,2.8,1.57
2021-04-17,17,26.66,0,1.53
2021-04-17,18,26.02,0,1.5
2021-04-17,19,25.17,0,1.46
2021-04-17,20,24.75,0,1.44
2021-04-17,21,42.53,0,2.18
2021-04-17,22,62.74,0,2.85
2021-04-17,23,68.49,0,3.02
2021-04-17,24,71.28,0,3.1
2021-04-18,1,77.4,,3.27
2021-04-18,2,84.16,0,3.45
2021-04-18,3,87.64,0,3.54
2021-04-18,4,90.8,0,3.62
2021-04-18,5,90.4,0,3.61
2021-04-18,6,86.86,0,3.52
2021-04-18,7,81.87,0,3.39
2021-04-18,8,76.3,0,3.24
2021-04-18,9,70.58,0,3.08
2021-04-18,10,64.74,0,2.91
2021-04-18,11,59.47,0,2.75
2021-04-18,12,54.43,0,2.59
2021-04-18,13,50.79,0,2.47
2021-04-18,14,46.43,0,2.32
2021-04-18,15,43.35,0,2.21
2021-04-18,16,41.44,0,2.14
2021-04-18,17,39.06,0,2.05
2021-04-18,18,37,0,1.97
2021-04-18,19,37.25,0,1.98
2021-04-18,20,40.38,0,2.1
2021-04-18,21,43.62,0,2.22
2021-04-18,22,45.01,0,2.27
2021-04-18,23,45.58,0,2.29
2021-04-18,24,44.46,0,2.25
2021-04-19,1,43.9,0,2.23
2021-04-19,2,42.53,0,2.18
2021-04-19,3,41.18,0,2.13
2021-04-19,4,39.32,0,2.06
2021-04-19,5,37.76,0,2
2021-04-19,6,35.74,0,1.92
2021-04-19,7,34.01,0,1.85
2021-04-19,8,32.57,0,1.79
2021-04-19,9,30.92,0,1.72
2021-04-19,10,29.54,0,1.66
2021-04-19,11,28.42,0,1.61
2021-04-19,12,27.31,0,1.56
2021-04-19,13,26.23,0,1.51
2021-04-19,14,25.17,0,1.46
2021-04-19,15,24.55,0,1.43
2021-04-19,16,24.14,0,1.41
2021-04-19,17,23.73,0,1.39
2021-04-19,18,23.32,0,1.37
2021-04-19,19,22.92,0.2,1.35
2021-04-19,20,22.92,0.5,1.35
2021-04-19,21,23.93,0.6,1.4
2021-04-19,22,43.62,1.8,2.22
2021-04-19,23,70.58,,3.08
2021-04-19,24,84.16,0,3.45
2021-04-20,1,87.64,0,3.54
2021-04-20,2,86.08,0,3.5
2021-04-20,3,79.25,0,3.32
2021-04-20,4,71.99,0,3.12
2021-04-20,5,65.07,0,2.92
2021-04-20,6,61.09,0,2.8
2021-04-20,7,54.12,0,2.58
2021-04-20,8,49.32,0,2.42
2021-04-20,9,44.46,0,2.25
2021-04-20,10,41.71,0,2.15
2021-04-20,11,39.06,0,2.05
2021-04-20,12,36.49,0,1.95
2021-04-20,13,34.26,0,1.86
2021-04-20,14,32.57,0,1.79
2021-04-20,15,32.57,,1.79
2021-04-20,16,30.22,0,1.69
2021-04-20,17,30,0,1.68
2021-04-20,18,29.54,0,1.66
2021-04-20,19,,0,
2021-04-20,20,,3.5,
2021-04-20,21,,0,
2021-04-20,22,,0,
2021-04-20,23,,0,
2021-04-20,24,,0,
2021-04-21,1,,0,
2021-04-21,2,,0,
2021-04-21,3,,0,
2021-04-21,4,,0,
2021-04-21,5,,0,
2021-04-21,6,21.93,0,1.3
2021-04-21,7,21.35,0,1.27
2021-04-21,8,20.96,0,1.25
2021-04-21,9,20.96,0,1.25
2021-04-21,10,20.77,0,1.24
2021-04-21,11,20.58,0,1.23
2021-04-21,12,20.39,0,1.22
2021-04-21,13,20.2,0,1.21
2021-04-21,14,20.02,0,1.2
2021-04-21,15,19.83,0.7,1.19
2021-04-21,16,20.77,7.3,1.24
2021-04-21,17,20.77,1.8,1.24
2021-04-21,18,20.58,0.2,1.23
2021-04-21,19,20.58,0.1,1.23
2021-04-21,20,20.58,0,1.23
2021-04-21,21,20.58,0,1.23
2021-04-21,22,24.14,0,1.41
2021-04-21,23,32.57,0,1.79
2021-04-21,24,34.5,0,1.87
2021-04-22,1,35.49,1.2,1.91
2021-04-22,2,36.49,16.5,1.95
2021-04-22,3,36.49,23.5,1.95
2021-04-22,4,36.24,4.3,1.94
2021-04-22,5,35.99,0.6,1.93
2021-04-22,6,34.99,0.3,1.89
2021-04-22,7,33.04,0.1,1.81
2021-04-22,8,31.15,0,1.73
2021-04-22,9,29.77,0,1.67
2021-04-22,10,28.42,0,1.61
2021-04-22,11,27.09,0,1.55
2021-04-22,12,26.23,0,1.51
2021-04-22,13,25.38,0,1.47
2021-04-22,14,24.75,0,1.44
2021-04-22,15,24.14,0,1.41
2021-04-22,16,23.32,0,1.37
2021-04-22,17,22.52,0,1.33
2021-04-22,18,22.32,0.1,1.32
2021-04-22,19,23.73,2.1,1.39
2021-04-22,20,35.99,0.1,1.93
2021-04-22,21,57.56,0,2.69
2021-04-22,22,66.77,0,2.97
2021-04-22,23,67.11,0,2.98
2021-04-22,24,65.75,0,2.94
2021-04-23,1,64.07,0,2.89
2021-04-23,2,62.08,0,2.83
2021-04-23,3,71.28,0,3.1
2021-04-23,4,55.36,0,2.62
2021-04-23,5,109.59,0,4.07
2021-04-23,6,126.36,0,4.44
2021-04-23,7,135.44,0,4.63
2021-04-23,8,134.47,0,4.61
2021-04-23,9,129.19,0.4,4.5
2021-04-23,10,120.33,0,4.31
2021-04-23,11,111.34,0,4.11
2021-04-23,12,103.13,0,3.92
2021-04-23,13,95.23,0,3.73
2021-04-23,14,88.03,0,3.55
2021-04-23,15,81.87,0,3.39
2021-04-23,16,75.58,1.4,3.22
2021-04-23,17,69.53,0,3.05
2021-04-23,18,66.09,0,2.95
2021-04-23,19,61.09,0,2.8
2021-04-23,20,56.92,0,2.67
2021-04-23,21,53.2,0,2.55
2021-04-23,22,49.61,0,2.43
2021-04-23,23,46.14,0,2.31
2021-04-23,24,43.62,0,2.22
2021-04-24,1,40.64,,2.11
2021-04-24,2,38.02,,2.01
2021-04-24,3,35.49,,1.91
2021-04-24,4,34.01,,1.85
2021-04-24,5,32.57,,1.79
2021-04-24,6,31.62,,1.75
2021-04-24,7,30.45,,1.7
2021-04-24,8,29.09,,1.64
2021-04-24,9,27.75,,1.58
2021-04-24,10,26.88,,1.54
2021-04-24,11,26.66,,1.53
2021-04-24,12,26.23,,1.51
2021-04-24,13,27.09,,1.55
2021-04-24,14,27.09,,1.55
2021-04-24,15,26.66,,1.53
2021-04-24,16,25.81,,1.49
2021-04-24,17,25.17,,1.46
2021-04-24,18,24.55,,1.43
2021-04-24,19,23.93,,1.4
2021-04-24,20,23.73,,1.39
2021-04-24,21,22.92,,1.35
2021-04-24,22,22.72,,1.34
2021-04-24,23,22.52,,1.33
2021-04-24,24,22.13,,1.31
2021-04-25,1,21.73,0,1.29
2021-04-25,2,21.35,0,1.27
2021-04-25,3,21.15,0,1.26
2021-04-25,4,21.15,0,1.26
2021-04-25,5,20.96,0,1.25
2021-04-25,6,20.96,0,1.25
2021-04-25,7,21.93,0,1.3
2021-04-25,8,22.52,0,1.33
2021-04-25,9,22.72,0,1.34
2021-04-25,10,22.72,0,1.34
2021-04-25,11,22.52,0,1.33
2021-04-25,12,22.13,0,1.31
2021-04-25,13,21.73,0,1.29
2021-04-25,14,21.35,0,1.27
2021-04-25,15,20.77,0,1.24
2021-04-25,16,20.39,0,1.22
2021-04-25,17,19.83,0,1.19
2021-04-25,18,19.46,0,1.17
2021-04-25,19,19.46,0,1.17
2021-04-25,20,20.2,0,1.21
2021-04-25,21,21.35,0,1.27
2021-04-25,22,24.55,0,1.43
2021-04-25,23,27.09,0,1.55
2021-04-25,24,27.97,0,1.59
2021-04-26,1,27.09,0,1.55
2021-04-26,2,26.23,0,1.51
2021-04-26,3,25.59,0,1.48
2021-04-26,4,24.55,0,1.43
2021-04-26,5,23.73,0,1.39
2021-04-26,6,23.12,0,1.36
2021-04-26,7,22.32,0,1.32
2021-04-26,8,21.54,0,1.28
2021-04-26,9,20.96,0,1.25
2021-04-26,10,20.39,0,1.22
2021-04-26,11,20.02,0,1.2
2021-04-26,12,19.83,0,1.19
2021-04-26,13,19.46,0,1.17
2021-04-26,14,19.09,0,1.15
2021-04-26,15,18.91,0,1.14
2021-04-26,16,18.55,0,1.12
2021-04-26,17,18.37,0,1.11
2021-04-26,18,18.01,0,1.09
2021-04-26,19,17.49,0,1.06
2021-04-26,20,17.31,0,1.05
2021-04-26,21,17.14,0,1.04
2021-04-26,22,17.14,0,1.04
2021-04-26,23,17.31,0,1.05
2021-04-26,24,17.66,0,1.07
2021-04-27,1,19.83,0,1.19
2021-04-27,2,23.12,0,1.36
2021-04-27,3,27.09,0,1.55
2021-04-27,4,27.97,0,1.59
2021-04-27,5,27.09,0,1.55
2021-04-27,6,26.23,0,1.51
2021-04-27,7,25.17,0,1.46
2021-04-27,8,24.55,0,1.43
2021-04-27,9,23.93,0,1.4
2021-04-27,10,23.52,0,1.38
2021-04-27,11,23.12,0,1.36
2021-04-27,12,22.52,0,1.33
2021-04-27,13,21.93,0,1.3
2021-04-27,14,21.15,0,1.26
2021-04-27,15,20.58,0,1.23
2021-04-27,16,20.02,0,1.2
2021-04-27,17,19.28,0,1.16
2021-04-27,18,18.73,0,1.13
2021-04-27,19,18.37,0,1.11
2021-04-27,20,18.01,0,1.09
2021-04-27,21,17.66,0,1.07
2021-04-27,22,21.15,0,1.26
2021-04-27,23,23.52,0,1.38
2021-04-27,24,25.81,0,1.49
2021-04-28,1,27.53,8.9,1.57
2021-04-28,2,28.86,0,1.63
2021-04-28,3,29.54,0.4,1.66
2021-04-28,4,27.09,0,1.55
2021-04-28,5,24.96,0,1.45
2021-04-28,6,23.32,0,1.37
2021-04-28,7,22.13,0,1.31
2021-04-28,8,20.96,0,1.25
2021-04-28,9,20.39,0,1.22
2021-04-28,10,20.02,0,1.2
2021-04-28,11,20.02,0,1.2
2021-04-28,12,19.83,0,1.19
2021-04-28,13,19.46,0,1.17
2021-04-28,14,19.09,0,1.15
2021-04-28,15,18.73,0,1.13
2021-04-28,16,18.37,0,1.11
2021-04-28,17,18.01,0,1.09
2021-04-28,18,17.66,0,1.07
2021-04-28,19,18.01,0,1.09
2021-04-28,20,19.28,0,1.16
2021-04-28,21,20.96,0,1.25
2021-04-28,22,27.53,0,1.57
2021-04-28,23,35.74,0,1.92
2021-04-28,24,45.01,0,2.27
2021-04-29,1,43.35,0,2.21
2021-04-29,2,41.18,0,2.13
2021-04-29,3,39.58,0,2.07
2021-04-29,4,35.74,0,1.92
2021-04-29,5,31.85,0,1.76
2021-04-29,6,29.54,0,1.66
2021-04-29,7,27.31,0,1.56
2021-04-29,8,25.59,0,1.48
2021-04-29,9,24.14,0,1.41
2021-04-29,10,23.12,0,1.36
2021-04-29,11,22.32,0,1.32
2021-04-29,12,21.93,0,1.3
2021-04-29,13,21.35,0,1.27
2021-04-29,14,20.77,0,1.24
2021-04-29,15,20.2,0,1.21
2021-04-29,16,20.02,0.2,1.2
2021-04-29,17,20.2,2.8,1.21
2021-04-29,18,20.96,3.3,1.25
2021-04-29,19,24.14,0.1,1.41
2021-04-29,20,32.57,0,1.79
2021-04-29,21,42.25,0,2.17
2021-04-29,22,43.07,0,2.2
2021-04-29,23,40.11,0,2.09
2021-04-29,24,36.49,0,1.95
2021-04-30,1,33.53,0,1.83
2021-04-30,2,30,0,1.68
2021-04-30,3,27.09,0,1.55
2021-04-30,4,26.02,0,1.5
2021-04-30,5,24.96,0,1.45
2021-04-30,6,23.93,0,1.4
2021-04-30,7,22.92,0,1.35
2021-04-30,8,22.52,0,1.33
2021-04-30,9,21.93,0,1.3
2021-04-30,10,21.35,0,1.27
2021-04-30,11,21.15,0,1.26
2021-04-30,12,20.77,0,1.24
2021-04-30,13,20.2,0,1.21
2021-04-30,14,20.02,0,1.2
2021-04-30,15,19.64,0,1.18
2021-04-30,16,19.28,0,1.16
2021-04-30,17,19.09,0,1.15
2021-04-30,18,18.91,0,1.14
2021-04-30,19,18.73,0,1.13
2021-04-30,20,19.09,0,1.15
2021-04-30,21,20.02,0.1,1.2
2021-04-30,22,20.2,0,1.21
2021-04-30,23,20.2,0,1.21
2021-04-30,24,20.2,0,1.21
2021-05-01,1,20.39,0,1.15
2021-05-01,2,20.58,0,1.25
2021-05-01,3,20.58,0,1.3
2021-05-01,4,20.58,0,1.32
2021-05-01,5,20.58,0,1.25
2021-05-01,6,20.58,0,1.15
2021-05-01,7,21.93,0,1.1
2021-05-01,8,23.73,0,1.09
2021-05-01,9,23.93,0,1.05
2021-05-01,10,23.73,0,1
2021-05-01,11,23.32,0,0.95
2021-05-01,12,22.52,0,0.9
2021-05-01,13,21.73,0,0.87
2021-05-01,14,21.35,0,0.84
2021-05-01,15,22.32,30,0.81
2021-05-01,16,23.52,18.9,0.77
2021-05-01,17,24.55,0.1,0.73
2021-05-01,18,25.59,0,0.7
2021-05-01,19,27.31,0,0.68
2021-05-01,20,28.86,0,0.66
2021-05-01,21,30.69,0,0.65
2021-05-01,22,31.38,0,0.63
2021-05-01,23,31.15,0,0.63
2021-05-01,24,30.45,0,0.62
2021-05-02,1,29.54,0,0.6
2021-05-02,2,28.64,0,0.59
2021-05-02,3,27.97,0,0.58
2021-05-02,4,26.45,0,0.58
2021-05-02,5,24.96,0,0.57
2021-05-02,6,24.14,0,0.56
2021-05-02,7,22.92,0,0.55
2021-05-02,8,22.13,0,0.54
2021-05-02,9,21.35,0,0.53
2021-05-02,10,20.58,0,0.52
2021-05-02,11,20.2,0,0.5
2021-05-02,12,19.83,0,0.48
2021-05-02,13,19.46,0,0.46
2021-05-02,14,19.28,0,0.44
2021-05-02,15,18.91,0,0.43
2021-05-02,16,18.55,0,0.43
2021-05-02,17,18.19,0,0.43
2021-05-02,18,19.83,0,0.43
2021-05-02,19,24.75,0,0.47
2021-05-02,20,26.66,0,0.48
2021-05-02,21,26.23,0,0.48
2021-05-02,22,25.38,0,0.47
2021-05-02,23,24.96,1.2,0.47
2021-05-02,24,24.34,0.5,0.5
2021-05-03,1,23.73,0,0.5
2021-05-03,2,22.92,0,0.51
2021-05-03,3,22.52,0,0.51
2021-05-03,4,23.12,0,0.52
2021-05-03,5,24.14,0,0.53
2021-05-03,6,25.17,0,0.53
2021-05-03,7,28.42,0,0.52
2021-05-03,8,31.38,0,0.5
2021-05-03,9,33.28,0,0.48
2021-05-03,10,33.77,0,0.46
2021-05-03,11,34.01,0,0.45
2021-05-03,12,32.33,0,0.44
2021-05-03,13,30.69,0,0.44
2021-05-03,14,29.09,0,0.44
2021-05-03,15,27.53,0,0.44
2021-05-03,16,26.02,2.2,0.46
2021-05-03,17,24.55,0.5,0.5
2021-05-03,18,27.09,55.3,0.54
2021-05-03,19,47.28,25.6,0.6
2021-05-03,20,66.09,1.3,0.72
2021-05-03,21,93.6,0.1,0.8
2021-05-03,22,118.96,0,0.95
2021-05-03,23,147.86,0,1.08
2021-05-03,24,165.09,0,1.05
2021-05-04,1,172.14,0,1.05
2021-05-04,2,178.78,0,1
2021-05-04,3,182.71,0,0.98
2021-05-04,4,187.25,0,0.98
2021-05-04,5,190.69,0,0.95
2021-05-04,6,192.43,0,0.93
2021-05-04,7,193.01,0,0.92
2021-05-04,8,193.01,0,0.94
2021-05-04,9,191.85,0,0.98
2021-05-04,10,188.97,0,0.97
2021-05-04,11,183.27,0,0.95
2021-05-04,12,174.89,0,0.92
2021-05-04,13,165.63,0,0.9
2021-05-04,14,154.53,0,0.89
2021-05-04,15,144.83,0,0.84
2021-05-04,16,135.44,0,0.81
2021-05-04,17,125.89,25.5,0.79
2021-05-04,18,118.96,8.9,0.78
2021-05-04,19,110.9,5,0.77
2021-05-04,20,106.98,3.3,0.75
2021-05-04,21,102.7,0,0.84
2021-05-04,22,100.18,0,0.95
2021-05-04,23,98.93,0,1.15
2021-05-04,24,97.28,0,1.35
2021-05-05,1,94.01,0,1.6
2021-05-05,2,91.2,0,1.85
2021-05-05,3,88.03,0,1.95
2021-05-05,4,85.31,0,1.8
2021-05-05,5,81.87,0,1.46
2021-05-05,6,78.51,0,1.38
2021-05-05,7,73.77,0,1.3
2021-05-05,8,70.93,0,1.21
2021-05-05,9,67.11,0,1.1
2021-05-05,10,63.07,0,1.05
2021-05-05,11,59.79,0,1
2021-05-05,12,56.92,0,0.98
2021-05-05,13,53.81,0,0.97
2021-05-05,14,50.79,0,0.9
2021-05-05,15,48.15,0,1.07
2021-05-05,16,45.29,0,1.11
2021-05-05,17,42.53,0,1.15
2021-05-05,18,40.11,6.9,1.2
2021-05-05,19,38.28,8.8,1.26
2021-05-05,20,36.74,4.7,1.24
2021-05-05,21,34.99,0,1.36
2021-05-05,22,34.26,0,1.45
2021-05-05,23,34.99,0,1.6
2021-05-05,24,35.99,0,1.75
2021-05-06,1,36.49,,1.87
2021-05-06,2,38.02,,1.92
2021-05-06,3,41.44,,1.85
2021-05-06,4,47,,1.8
2021-05-06,5,52.29,,1.78
2021-05-06,6,55.05,,1.73
2021-05-06,7,55.67,,1.63
2021-05-06,8,54.74,,1.55
2021-05-06,9,52.9,,1.45
2021-05-06,10,50.2,,1.35
2021-05-06,11,47.57,,1.3
2021-05-06,12,44.73,,1.25
2021-05-06,13,41.98,,1.2
2021-05-06,14,39.32,,1.15
2021-05-06,15,37.51,,1.1
2021-05-06,16,36.49,,1.07
2021-05-06,17,38.02,,1.05
2021-05-06,18,41.44,,0.97
2021-05-06,19,47,,0.95
2021-05-06,20,68.49,,0.92
2021-05-06,21,93.6,,0.9
2021-05-06,22,106.98,,0.9
2021-05-06,23,112.67,,0.85
2021-05-06,24,115.79,,0.83
2021-05-07,1,115.35,0,0.8
2021-05-07,2,114.45,0,0.8
2021-05-07,3,112.23,0,0.78
2021-05-07,4,109.59,0,0.75
2021-05-07,5,103.55,0,0.75
2021-05-07,6,100.18,0,0.73
2021-05-07,7,94.01,0,0.73
2021-05-07,8,88.03,0,0.72
2021-05-07,9,82.25,0,0.69
2021-05-07,10,77.03,0,0.67
2021-05-07,11,71.63,0,0.66
2021-05-07,12,67.45,0,0.65
2021-05-07,13,63.4,0,0.54
2021-05-07,14,60.12,0.1,0.63
2021-05-07,15,57.24,0,0.62
2021-05-07,16,54.12,0,0.61
2021-05-07,17,51.99,2.9,0.61
2021-05-07,18,52.9,0,0.6
2021-05-07,19,58.19,0,0.6
2021-05-07,20,85.7,0,0.59
2021-05-07,21,111.34,0,0.58
2021-05-07,22,119.87,0,0.58
2021-05-07,23,119.87,0,0.58
2021-05-07,24,118.96,0,0.6
2021-05-08,1,120.33,0,0.65
2021-05-08,2,124.02,0,0.67
2021-05-08,3,126.83,0,0.7
2021-05-08,4,129.19,0,0.68
2021-05-08,5,128.72,0,0.66
2021-05-08,6,127.77,0,0.65
2021-05-08,7,124.02,0,0.63
2021-05-08,8,117.6,0,0.59
2021-05-08,9,112.23,0,0.56
2021-05-08,10,104.83,0,0.52
2021-05-08,11,97.69,0,0.48
2021-05-08,12,91.2,0,0.43
2021-05-08,13,84.54,0,0.4
2021-05-08,14,78.51,0,0.37
2021-05-08,15,67.8,0,0.35
2021-05-08,16,66.43,0.2,0.39
2021-05-08,17,61.42,2.6,0.45
2021-05-08,18,58.83,30.1,0.55
2021-05-08,19,58.51,4.9,0.56
2021-05-08,20,60.44,0,0.56
2021-05-08,21,68.49,0,0.58
2021-05-08,22,81.5,0,0.58
2021-05-08,23,92.8,0,0.58
2021-05-08,24,101.44,0,0.57
2021-05-09,1,112.23,0,0.57
2021-05-09,2,119.87,0,0.57
2021-05-09,3,127.77,0,0.57
2021-05-09,4,133.02,0,0.57
2021-05-09,5,136.9,0,0.56
2021-05-09,6,138.86,0,0.56
2021-05-09,7,138.37,0,0.55
2021-05-09,8,136.41,0,0.53
2021-05-09,9,132.06,0,0.52
2021-05-09,10,126.83,0,0.51
2021-05-09,11,119.87,0,0.5
2021-05-09,12,112.23,0,0.48
2021-05-09,13,104.83,0,0.47
2021-05-09,14,98.1,0,0.46
2021-05-09,15,91.2,0,0.45
2021-05-09,16,84.93,0,0.49
2021-05-09,17,78.51,0.4,0.53
2021-05-09,18,74.13,0.6,0.57
2021-05-09,19,73.41,9,0.67
2021-05-09,20,75.21,13.3,0.86
2021-05-09,21,74.13,1.2,0.95
2021-05-09,22,73.41,0.4,1.2
2021-05-09,23,72.7,0.2,1.4
2021-05-09,24,76.3,0.1,1.52
2021-05-10,1,78.51,0,1.5
2021-05-10,2,80,0,1.45
2021-05-10,3,81.5,0,1.3
2021-05-10,4,83.01,0,1.18
2021-05-10,5,83.77,0,1.1
2021-05-10,6,82.63,0,1.05
2021-05-10,7,80.37,0,0.95
2021-05-10,8,77.77,0,0.89
2021-05-10,9,74.13,0,0.84
2021-05-10,10,74.85,0,0.8
2021-05-10,11,74.85,0,0.77
2021-05-10,12,74.49,0,0.74
2021-05-10,13,66.09,0,0.71
2021-05-10,14,61.09,0,0.68
2021-05-10,15,57.87,5.5,0.67
2021-05-10,16,55.36,0,0.66
2021-05-10,17,52.6,0,0.65
2021-05-10,18,50.79,0,0.65
2021-05-10,19,49.9,0,0.65
2021-05-10,20,48.73,0,0.64
2021-05-10,21,47.86,0,0.62
2021-05-10,22,47.86,0,0.62
2021-05-10,23,47.57,0,0.68
2021-05-10,24,47.28,0,0.75
2021-05-11,1,46.14,0,0.83
2021-05-11,2,45.01,2.3,0.95
2021-05-11,3,43.62,,1.02
2021-05-11,4,41.98,0,0.98
2021-05-11,5,40.64,0,0.95
2021-05-11,6,39.58,0,0.92
2021-05-11,7,38.28,0.6,0.87
2021-05-11,8,36.74,0.6,0.86
2021-05-11,9,35.74,0,0.85
2021-05-11,10,34.75,0,0.85
2021-05-11,11,34.01,0,0.84
2021-05-11,12,33.04,0,0.82
2021-05-11,13,32.09,0,0.8
2021-05-11,14,31.38,0,0.79
2021-05-11,15,30.69,0,0.77
2021-05-11,16,30,0,0.75
2021-05-11,17,29.31,0,0.73
2021-05-11,18,28.64,0,0.71
2021-05-11,19,27.97,0,0.71
2021-05-11,20,27.31,0.2,0.7
2021-05-11,21,26.88,1.1,0.64
2021-05-11,22,28.42,0,0.63
2021-05-11,23,45.86,0,0.62
2021-05-11,24,59.47,0,0.62
2021-05-12,1,65.75,0,0.6
2021-05-12,2,75.21,0,0.6
2021-05-12,3,88.42,0.1,0.57
2021-05-12,4,99.35,0.3,0.57
2021-05-12,5,103.98,0.5,0.55
2021-05-12,6,105.69,0,0.53
2021-05-12,7,103.55,0.1,0.57
2021-05-12,8,99.35,0,0.54
2021-05-12,9,94.01,0,0.51
2021-05-12,10,88.03,0,0.53
2021-05-12,11,81.5,0,0.54
2021-05-12,12,75.21,0,0.55
2021-05-12,13,69.18,0,0.56
2021-05-12,14,64.4,2.5,0.55
2021-05-12,15,60.77,4.6,0.54
2021-05-12,16,58.19,0,0.52
2021-05-12,17,55.05,0,0.51
2021-05-12,18,53.51,0,0.55
2021-05-12,19,53.81,0.9,1.1
2021-05-12,20,53.81,17.7,2
2021-05-12,21,52.6,0.2,2.55
2021-05-12,22,50.79,0,3
2021-05-12,23,49.02,0.9,3.6
2021-05-12,24,47.86,0.1,4.1
2021-05-13,1,47.28,13.2,4.15
2021-05-13,2,46.14,3.9,4.15
2021-05-13,3,45.29,,4.12
2021-05-13,4,44.18,,4.1
2021-05-13,5,43.35,,4.07
2021-05-13,6,42.25,,4.05
2021-05-13,7,41.18,,3.9
2021-05-13,8,40.38,,3.7
2021-05-13,9,39.58,,3.55
2021-05-13,10,38.8,0,3.25
2021-05-13,11,38.54,1.8,3.1
2021-05-13,12,38.54,4.2,2.94
2021-05-13,13,39.06,0,2.74
2021-05-13,14,40.64,0.8,2.65
2021-05-13,15,41.71,0.6,2.44
2021-05-13,16,43.35,4.3,2.2
2021-05-13,17,44.73,1.4,2.1
2021-05-13,18,45.86,3.5,2
2021-05-13,19,47.86,3.3,1.92
2021-05-13,20,53.2,4.5,1.8
2021-05-13,21,58.19,2.3,1.7
2021-05-13,22,62.41,0,1.59
2021-05-13,23,66.09,1.8,1.5
2021-05-13,24,71.99,9.4,1.42
2021-05-14,1,78.51,0.1,1.35
2021-05-14,2,78.51,0.1,1.3
2021-05-14,3,88.42,0,1.25
2021-05-14,4,98.52,0.1,1.2
2021-05-14,5,110.46,0,1.18
2021-05-14,6,124.96,0,1.16
2021-05-14,7,136.41,0,1.13
2021-05-14,8,141.33,0,1.09
2021-05-14,9,140.84,0,1.07
2021-05-14,10,136.41,0,1.03
2021-05-14,11,130.14,0,1
2021-05-14,12,124.02,0,0.98
2021-05-14,13,117.6,0,0.96
2021-05-14,14,112.23,0,0.93
2021-05-14,15,107.41,0,0.9
2021-05-14,16,102.7,0,0.88
2021-05-14,17,98.1,0,0.87
2021-05-14,18,94.41,0,1.05
2021-05-14,19,90.4,0,1.15
2021-05-14,20,86.47,0,1.22
2021-05-14,21,83.01,0,1.3
2021-05-14,22,79.25,0,1.35
2021-05-14,23,75.21,0,1.37
2021-05-14,24,72.34,2.8,1.4
2021-05-15,1,70.23,0,1.5
2021-05-15,2,67.11,0,1.6
2021-05-15,3,65.41,0,1.65
2021-05-15,4,65.75,0,1.6
2021-05-15,5,73.41,0,1.57
2021-05-15,6,83.39,0,1.55
2021-05-15,7,90,0,1.52
2021-05-15,8,91.2,0,1.49
2021-05-15,9,88.82,0,1.45
2021-05-15,10,84.54,0,1.4
2021-05-15,11,78.51,0,1.3
2021-05-15,12,73.41,0,1.27
2021-05-15,13,69.18,0,1.24
2021-05-15,14,68.49,0,1.19
2021-05-15,15,60.77,0,1.12
2021-05-15,16,57.56,0,1.1
2021-05-15,17,54.43,0,1.05
2021-05-15,18,51.69,0,1.03
2021-05-15,19,49.32,0,1.15
2021-05-15,20,47.28,0,1.28
2021-05-15,21,45.01,0,1.41
2021-05-15,22,43.35,0,1.88
2021-05-15,23,41.71,0,2.6
2021-05-15,24,39.85,0,3
2021-05-16,1,38.8,0,3.76
2021-05-16,2,37.25,0,4.49
2021-05-16,3,36.24,0,4.98
2021-05-16,4,34.99,0,5.2
2021-05-16,5,34.01,0,5.25
2021-05-16,6,32.8,0,5.2
2021-05-16,7,32.33,0,5.12
2021-05-16,8,31.62,0,5.02
2021-05-16,9,30.92,0,4.92
2021-05-16,10,30.92,0,4.93
2021-05-16,11,29.77,0,4.73
2021-05-16,12,29.31,0,4.63
2021-05-16,13,28.86,0,4.5
2021-05-16,14,28.64,0,4.36
2021-05-16,15,27.97,0,4.23
2021-05-16,16,27.75,0,4.15
2021-05-16,17,27.31,0,4
2021-05-16,18,27.09,0,3.86
2021-05-16,19,26.66,0,3.77
2021-05-16,20,26.23,0,3.62
2021-05-16,21,25.81,0,3.5
2021-05-16,22,25.59,0,3.38
2021-05-16,23,25.17,0,3.28
2021-05-16,24,24.96,0,3.19
2021-05-17,1,24.55,0,3.1
2021-05-17,2,24.34,0,3
2021-05-17,3,24.14,0,2.87
2021-05-17,4,23.93,0,2.55
2021-05-17,5,23.73,0,2.66
2021-05-17,6,23.73,0,2.55
2021-05-17,7,23.32,0,2.5
2021-05-17,8,23.12,0,2.43
2021-05-17,9,23.12,0,2.27
2021-05-17,10,22.92,0,2.18
2021-05-17,11,22.72,0,2.05
2021-05-17,12,21.73,0,2.01
2021-05-17,13,20.02,0,1.9
2021-05-17,14,20.58,0,1.82
2021-05-17,15,21.15,0,1.8
2021-05-17,16,21.35,0,1.8
2021-05-17,17,22.13,0,2.05
2021-05-17,18,23.12,0,2.46
2021-05-17,19,23.12,0,2.99
2021-05-17,20,22.52,0,3.28
2021-05-17,21,21.93,0,3.35
2021-05-17,22,21.35,0,3.3
2021-05-17,23,20.96,0,3.2
2021-05-17,24,20.77,0,3.09
2021-05-18,1,20.58,0,3
2021-05-18,2,20.39,0,3
2021-05-18,3,20.2,0,3.05
2021-05-18,4,20.02,0,3.1
2021-05-18,5,20.02,0,3.12
2021-05-18,6,19.83,0,3.1
2021-05-18,7,19.83,0,3.02
2021-05-18,8,19.83,0,3.02
2021-05-18,9,19.64,0,3.02
2021-05-18,10,19.64,0,3.04
2021-05-18,11,19.46,0,3.38
2021-05-18,12,19.46,0,3.34
2021-05-18,13,19.28,0,3.46
2021-05-18,14,19.09,0,3.55
2021-05-18,15,18.91,0,3.61
2021-05-18,16,18.55,0,3.83
2021-05-18,17,18.19,0,4.03
2021-05-18,18,18.19,0,4.34
2021-05-18,19,18.37,0,4.46
2021-05-18,20,18.37,0,4.55
2021-05-18,21,18.19,0,4.88
2021-05-18,22,18.55,0,5.2
2021-05-18,23,18.91,0,5.32
2021-05-18,24,18.91,0,5.18
2021-05-19,1,18.73,0,5.13
2021-05-19,2,18.55,0,4.9
2021-05-19,3,18.37,0,4.7
2021-05-19,4,18.37,0,4.61
2021-05-19,5,18.19,0,4.55
2021-05-19,6,17.84,0,4.52
2021-05-19,7,17.66,1.4,4.56
2021-05-19,8,17.66,0,5.05
2021-05-19,9,17.66,0,6.05
2021-05-19,10,17.66,0,6.9
2021-05-19,11,17.66,0,7.52
2021-05-19,12,17.84,2.3,8
2021-05-19,13,18.01,0,8.32
2021-05-19,14,18.55,0,8.52
2021-05-19,15,18.91,0,8.63
2021-05-19,16,19.09,0,8.67
2021-05-19,17,19.09,0,8.67
2021-05-19,18,19.09,0,8.67
2021-05-19,19,18.91,0,8.65
2021-05-19,20,18.91,0,8.61
2021-05-19,21,18.37,0,8.57
2021-05-19,22,18.37,0,8.52
2021-05-19,23,18.37,0,8.48
2021-05-19,24,18.55,0,8.44
2021-05-20,1,18.55,0,8.4
2021-05-20,2,19.09,0,8.35
2021-05-20,3,19.64,0,8.3
2021-05-20,4,19.64,3.2,8.25
2021-05-20,5,19.64,0.2,8.18
2021-05-20,6,18.91,1.2,8.08
2021-05-20,7,18.73,0,7.97
2021-05-20,8,18.55,0,7.87
2021-05-20,9,18.37,0,7.75
2021-05-20,10,18.37,0,7.63
2021-05-20,11,18.19,0,7.48
2021-05-20,12,18.19,0,7.38
2021-05-20,13,18.37,0,7.21
2021-05-20,14,18.55,0,7.09
2021-05-20,15,18.55,0,7
2021-05-20,16,18.55,10,6.85
2021-05-20,17,18.55,24.5,6.68
2021-05-20,18,18.55,0,6.55
2021-05-20,19,18.91,7.5,6.43
2021-05-20,20,19.28,0.2,6.32
2021-05-20,21,19.83,0,6.22
2021-05-20,22,20.39,2.1,6.12
2021-05-20,23,22.13,11.2,5.9
2021-05-20,24,23.52,0,5.79
2021-05-21,1,24.55,0,5.64
2021-05-21,2,25.81,0,5.3
2021-05-21,3,27.31,0.5,5.38
2021-05-21,4,28.19,0,5.3
2021-05-21,5,29.09,0,5.23
2021-05-21,6,30.22,1.6,5.18
2021-05-21,7,30,1.2,5.1
2021-05-21,8,29.54,0.1,5
2021-05-21,9,28.86,0,4.9
2021-05-21,10,28.19,0,4.69
2021-05-21,11,27.53,2.1,4.65
2021-05-21,12,27.09,0,4.65
2021-05-21,13,26.45,10.2,4.55
2021-05-21,14,25.81,0.1,4.48
2021-05-21,15,25.59,0.6,4.38
2021-05-21,16,26.23,0,4.26
2021-05-21,17,27.09,1.8,4.16
2021-05-21,18,28.86,0.9,4.05
2021-05-21,19,31.38,0,4
2021-05-21,20,34.26,0,4.06
2021-05-21,21,36.49,0,4.16
2021-05-21,22,38.28,0,4.08
2021-05-21,23,39.58,0,4.36
2021-05-21,24,39.58,0,4.3
2021-05-22,1,38.54,0,4.2
2021-05-22,2,37.25,0,4.09
2021-05-22,3,35.74,0,3.96
2021-05-22,4,33.53,0,3.82
2021-05-22,5,31.38,0,3.61
2021-05-22,6,31.38,0,3.53
2021-05-22,7,30.45,0,3.39
2021-05-22,8,29.54,3.8,3.29
2021-05-22,9,28.86,2.1,3.22
2021-05-22,10,27.97,0.1,3.13
2021-05-22,11,27.53,0,3.03
2021-05-22,12,27.31,8.2,2.99
2021-05-22,13,27.53,0,2.98
2021-05-22,14,27.97,0,2.97
2021-05-22,15,28.42,0,2.96
2021-05-22,16,29.31,0,2.95
2021-05-22,17,31.15,0,2.93
2021-05-22,18,33.04,0,2.99
2021-05-22,19,34.75,1.1,2.93
2021-05-22,20,34.99,0,2.86
2021-05-22,21,34.75,0,2.78
2021-05-22,22,34.01,0,2.71
2021-05-22,23,33.04,0,2.63
2021-05-22,24,32.33,0,2.55
2021-05-23,1,31.62,4,2.47
2021-05-23,2,30.45,0.3,2.4
2021-05-23,3,29.54,8.1,2.32
2021-05-23,4,28.64,1.7,2.25
2021-05-23,5,27.75,0.3,2.18
2021-05-23,6,27.09,0,2.1
2021-05-23,7,26.23,1.1,2.05
2021-05-23,8,25.81,0,2
2021-05-23,9,25.38,0,1.95
2021-05-23,10,24.96,1.3,1.95
2021-05-23,11,25.38,11,1.94
2021-05-23,12,26.88,0,1.93
2021-05-23,13,29.31,,1.92
2021-05-23,14,32.09,,1.91
2021-05-23,15,35.99,,1.9
2021-05-23,16,40.91,0.3,1.89
2021-05-23,17,48.44,0.2,1.86
2021-05-23,18,58.51,0,1.82
2021-05-23,19,68.49,0,1.78
2021-05-23,20,76.3,0,1.74
2021-05-23,21,80.37,0,1.72
2021-05-23,22,82.25,0.5,1.7
2021-05-23,23,82.63,1.7,1.68
2021-05-23,24,81.5,9.9,1.65
2021-05-24,1,80,6.2,1.62
2021-05-24,2,85.31,20.9,1.68
2021-05-24,3,91.2,0.8,1.96
2021-05-24,4,97.28,0.5,2.3
2021-05-24,5,101.86,,2.85
2021-05-24,6,105.26,,3.25
2021-05-24,7,107.41,,3.79
2021-05-24,8,107.85,,4.22
2021-05-24,9,106.98,0.4,4.44
2021-05-24,10,105.26,1.5,4.52
2021-05-24,11,104.4,2.4,4.4
2021-05-24,12,105.69,5.1,4.35
2021-05-24,13,107.85,10,4.15
2021-05-24,14,113.11,0.1,3.82
2021-05-24,15,123.56,4.8,3.6
2021-05-24,16,140.34,0,3.47
2021-05-24,17,160.83,8.2,4.1
2021-05-24,18,182.71,13.5,4.66
2021-05-24,19,202.4,,5.02
2021-05-24,20,223.1,,5.22
2021-05-24,21,247.43,,5.22
2021-05-24,22,268.21,0.5,5.08
2021-05-24,23,273.01,0,4.89
2021-05-24,24,271.63,0,4.66
2021-05-25,1,268.21,0.1,4.46
2021-05-25,2,270.26,0,4.25
2021-05-25,3,277.17,0,4.11
2021-05-25,4,289.82,0,3.92
2021-05-25,5,316.71,0,3.85
2021-05-25,6,332.51,3,3.78
2021-05-25,7,340.94,0.1,3.86
2021-05-25,8,346.35,0.1,3.87
2021-05-25,9,349.47,0,3.84
2021-05-25,10,347.91,1.2,3.7
2021-05-25,11,347.13,0,3.6
2021-05-25,12,345.58,1.8,3.48
2021-05-25,13,343.25,3.6,3.42
2021-05-25,14,343.25,5.8,3.35
2021-05-25,15,341.71,0.2,3.28
2021-05-25,16,341.71,0.1,3.15
2021-05-25,17,342.48,0.2,3.04
2021-05-25,18,343.25,2.2,2.93
2021-05-25,19,344.03,0.1,2.82
2021-05-25,20,342.48,1.9,2.72
2021-05-25,21,340.16,0.2,2.63
2021-05-25,22,337.09,0.1,2.53
2021-05-25,23,333.27,0,2.44
2021-05-25,24,329.47,2.6,2.35
2021-05-26,1,324.19,0,2.26
2021-05-26,2,318.95,0,2.17
2021-05-26,3,313.01,2,2.08
2021-05-26,4,307.86,1.6,2.03
2021-05-26,5,301.3,0.9,1.99
2021-05-26,6,296.97,0.8,1.95
2021-05-26,7,289.11,0.5,1.91
2021-05-26,8,284.16,0,1.86
2021-05-26,9,277.17,0.5,1.81
2021-05-26,10,270.26,0,1.77
2021-05-26,11,265.48,0,1.74
2021-05-26,12,260.06,2.8,1.71
2021-05-26,13,255.37,2.8,1.67
2021-05-26,14,250.06,0,1.65
2021-05-26,15,246.12,1.3,1.63
2021-05-26,16,244.81,2.3,1.61
2021-05-26,17,244.15,3,1.58
2021-05-26,18,243.5,0,1.54
2021-05-26,19,243.5,0.9,1.5
2021-05-26,20,242.2,3.3,1.56
2021-05-26,21,240.9,0.2,1.65
2021-05-26,22,238.96,0,1.69
2021-05-26,23,236.39,0,1.73
2021-05-26,24,234.47,6.2,1.77
2021-05-27,1,231.28,0,1.81
2021-05-27,2,228.75,1.2,1.85
2021-05-27,3,226.23,0,1.9
2021-05-27,4,224.35,3,1.95
2021-05-27,5,223.1,1,2
2021-05-27,6,220.61,0.8,2.4
2021-05-27,7,218.14,0.2,2.75
2021-05-27,8,216.29,1.6,3
2021-05-27,9,214.45,1,3.25
2021-05-27,10,212.62,0,3.28
2021-05-27,11,210.2,0.2,3.2
2021-05-27,12,208.38,0.9,3.09
2021-05-27,13,205.38,7,3.02
2021-05-27,14,202.4,0,2.95
2021-05-27,15,199.44,0,2.88
2021-05-27,16,196.5,0.5,2.81
2021-05-27,17,194.17,0,2.77
2021-05-27,18,192.43,0,2.77
2021-05-27,19,190.69,1,2.8
2021-05-27,20,188.39,0,2.85
2021-05-27,21,184.97,0,2.98
2021-05-27,22,182.14,0,3.22
2021-05-27,23,179.33,0,3.46
2021-05-27,24,177.11,0.4,3.59
2021-05-28,1,173.24,0,3.58
2021-05-28,2,169.95,0,3.53
2021-05-28,3,167.24,0.2,3.48
2021-05-28,4,163.49,0,3.39
2021-05-28,5,159.77,0,3.29
2021-05-28,6,157.14,0.6,3.18
2021-05-28,7,153.5,0,3.15
2021-05-28,8,150.41,0,3.06
2021-05-28,9,147.86,0,2.98
2021-05-28,10,145.33,0,2.9
2021-05-28,11,142.83,0.4,2.83
2021-05-28,12,140.84,0,2.73
2021-05-28,13,138.37,0.7,2.7
2021-05-28,14,135.44,0.1,2.6
2021-05-28,15,133.02,0,2.54
2021-05-28,16,129.67,0,2.5
2021-05-28,17,126.83,0,2.49
2021-05-28,18,123.56,0,2.44
2021-05-28,19,121.25,0,2.43
2021-05-28,20,118.96,0,2.42
2021-05-28,21,115.35,0,2.36
2021-05-28,22,113.11,0,2.3
2021-05-28,23,110.03,,2.28
2021-05-28,24,107.41,0.1,2.27
2021-05-29,1,102.7,0,2.27
2021-05-29,2,99.35,0,2.3
2021-05-29,3,96.04,0,2.32
2021-05-29,4,91.59,0.1,2.32
2021-05-29,5,88.42,0,2.3
2021-05-29,6,86.47,0.8,2.3
2021-05-29,7,83.39,0.1,2.28
2021-05-29,8,81.12,1.3,2.28
2021-05-29,9,78.14,1.4,2.25
2021-05-29,10,74.85,0,2.23
2021-05-29,11,72.34,0.5,2.2
2021-05-29,12,69.18,0.1,2.21
2021-05-29,13,68.83,6.4,2.21
2021-05-29,14,67.8,0.4,2.21
2021-05-29,15,66.09,0,2.21
2021-05-29,16,64.74,0,2.21
2021-05-29,17,63.4,0,2.23
2021-05-29,18,62.08,1.3,2.25
2021-05-29,19,61.09,0,2.29
2021-05-29,20,60.12,0,2.33
2021-05-29,21,59.47,0.1,2.27
2021-05-29,22,59.47,0,2.2
2021-05-29,23,59.47,0,2.15
2021-05-29,24,59.47,0,2.12
2021-05-30,1,59.47,0.1,2.08
2021-05-30,2,58.83,2.3,2.05
2021-05-30,3,58.19,0,2.03
2021-05-30,4,56.92,0,2
2021-05-30,5,55.98,0,1.98
2021-05-30,6,55.05,0,1.92
2021-05-30,7,54.74,0,1.88
2021-05-30,8,54.12,0,1.84
2021-05-30,9,53.81,0,1.81
2021-05-30,10,53.2,0,1.77
2021-05-30,11,53.2,0,1.74
2021-05-30,12,52.6,0.1,1.71
2021-05-30,13,52.29,0,1.68
2021-05-30,14,51.99,0,1.65
2021-05-30,15,51.69,0,1.63
2021-05-30,16,50.5,0,1.6
2021-05-30,17,49.61,0,1.75
2021-05-30,18,48.73,0,1.55
2021-05-30,19,47.86,0,1.53
2021-05-30,20,47,0,1.5
2021-05-30,21,45.86,0.9,1.47
2021-05-30,22,45.29,0.1,1.44
2021-05-30,23,44.18,0,1.41
2021-05-30,24,43.35,0,1.39
2021-05-31,1,41.98,0,1.37
2021-05-31,2,41.71,0,1.36
2021-05-31,3,40.91,0,1.35
2021-05-31,4,40.38,0,1.34
2021-05-31,5,39.85,0,1.34
2021-05-31,6,39.32,0,1.38
2021-05-31,7,38.54,0,1.32
2021-05-31,8,38.02,0,1.31
2021-05-31,9,37.76,0,1.3
2021-05-31,10,37,0,1.29
2021-05-31,11,36.74,2.1,1.27
2021-05-31,12,36.24,0.1,1.25
2021-05-31,13,35.99,0,1.23
2021-05-31,14,35.74,0,1.21
2021-05-31,15,35.49,0,1.18
2021-05-31,16,34.99,0.7,1.18
2021-05-31,17,34.5,0,1.18
2021-05-31,18,34.5,0.4,1.17
2021-05-31,19,34.26,0,1.17
2021-05-31,20,34.01,0,1.16
2021-05-31,21,33.77,3.4,1.16
2021-05-31,22,33.53,0,1.15
2021-05-31,23,33.28,0,1.14
2021-05-31,24,33.04,0,1.13
2022-04-01,1,20.96,0,1.25
2022-04-01,2,19.64,0,1.18
2022-04-01,3,18.01,0,1.09
2022-04-01,4,17.31,0,1.05
2022-04-01,5,16.62,0,1.01
2022-04-01,6,15.45,0,0.94
2022-04-01,7,14.48,0,0.88
2022-04-01,8,13.85,0,0.84
2022-04-01,9,13.24,0,0.8
2022-04-01,10,12.64,0,0.76
2022-04-01,11,12.05,0,0.72
2022-04-01,12,11.48,0,0.68
2022-04-01,13,10.64,0,0.62
2022-04-01,14,10.1,0,0.58
2022-04-01,15,10.37,0,0.6
2022-04-01,16,12.05,19.4,0.72
2022-04-01,17,13.24,8.1,0.8
2022-04-01,18,14.48,0,0.88
2022-04-01,19,14.96,0,0.91
2022-04-01,20,14.8,0,0.9
2022-04-01,21,15.12,0,0.92
2022-04-01,22,15.78,0,0.96
2022-04-01,23,16.79,0,1.02
2022-04-01,24,16.96,0,1.03
2022-04-02,1,17.14,0,1.04
2022-04-02,2,16.79,0,1.02
2022-04-02,3,15.95,0,0.97
2022-04-02,4,15.45,0,0.94
2022-04-02,5,14.8,0,0.9
2022-04-02,6,13.85,0,0.84
2022-04-02,7,13.09,0,0.79
2022-04-02,8,12.49,0,0.75
2022-04-02,9,12.05,0,0.72
2022-04-02,10,11.76,0,0.7
2022-04-02,11,11.48,0,0.68
2022-04-02,12,11.19,0,0.66
2022-04-02,13,11.05,0,0.65
2022-04-02,14,10.64,0,0.62
2022-04-02,15,10.24,0,0.59
2022-04-02,16,9.97,0,0.57
2022-04-02,17,9.84,0,0.56
2022-04-02,18,9.84,0,0.56
2022-04-02,19,9.84,0,0.56
2022-04-02,20,12.64,0,0.76
2022-04-02,21,23.93,0,1.4
2022-04-02,22,32.33,0,1.78
2022-04-02,23,36.49,0,1.95
2022-04-02,24,38.02,0,2.01
2022-04-03,1,37,0,1.97
2022-04-03,2,34.26,0,1.86
2022-04-03,3,32.8,0,1.8
2022-04-03,4,32.57,0,1.79
2022-04-03,5,31.15,0,1.73
2022-04-03,6,29.77,0,1.67
2022-04-03,7,27.09,0,1.55
2022-04-03,8,24.55,0,1.43
2022-04-03,9,22.32,0,1.32
2022-04-03,10,20.39,0,1.22
2022-04-03,11,18.91,0,1.14
2022-04-03,12,17.66,0,1.07
2022-04-03,13,16.62,0,1.01
2022-04-03,14,15.62,0,0.95
2022-04-03,15,14.8,0,0.9
2022-04-03,16,14.16,0,0.86
2022-04-03,17,13.7,0,0.83
2022-04-03,18,13.39,1,0.81
2022-04-03,19,13.09,,0.79
2022-04-03,20,12.64,0,0.76
2022-04-03,21,12.49,0,0.75
2022-04-03,22,12.34,0,0.74
2022-04-03,23,12.34,0,0.74
2022-04-03,24,12.19,0,0.73
2022-04-04,1,12.05,0,0.72
2022-04-04,2,12.05,0,0.72
2022-04-04,3,11.9,0,0.71
2022-04-04,4,11.9,0,0.71
2022-04-04,5,11.9,0,0.71
2022-04-04,6,11.9,0,0.71
2022-04-04,7,11.76,0,0.7
2022-04-04,8,11.76,0,0.7
2022-04-04,9,11.62,0,0.69
2022-04-04,10,11.48,0,0.68
2022-04-04,11,11.33,0,0.67
2022-04-04,12,11.19,0,0.66
2022-04-04,13,11.05,0,0.65
2022-04-04,14,10.92,0,0.64
2022-04-04,15,10.78,0,0.63
2022-04-04,16,10.64,0,0.62
2022-04-04,17,10.37,0,0.6
2022-04-04,18,10.24,1.1,0.59
2022-04-04,19,10.24,0.1,0.59
2022-04-04,20,10.37,0.5,0.6
2022-04-04,21,10.37,0,0.6
2022-04-04,22,9.97,0,0.57
2022-04-04,23,10.24,0,0.59
2022-04-04,24,11.05,0,0.65
2022-04-05,1,11.76,0,0.7
2022-04-05,2,12.64,0,0.76
2022-04-05,3,14.48,0,0.88
2022-04-05,4,15.78,0,0.96
2022-04-05,5,16.28,0,0.99
2022-04-05,6,16.12,0,0.98
2022-04-05,7,15.29,0,0.93
2022-04-05,8,14.8,0,0.9
2022-04-05,9,14.16,0,0.86
2022-04-05,10,13.85,0,0.84
2022-04-05,11,13.39,0,0.81
2022-04-05,12,13.09,0,0.79
2022-04-05,13,13.09,5,0.79
2022-04-05,14,14.01,5.5,0.85
2022-04-05,15,14.01,0,0.85
2022-04-05,16,14.16,0.1,0.86
2022-04-05,17,14.32,0.3,0.87
2022-04-05,18,15.45,0,0.94
2022-04-05,19,18.55,0,1.12
2022-04-05,20,22.52,0,1.33
2022-04-05,21,28.86,0,1.63
2022-04-05,22,32.57,0,1.79
2022-04-05,23,33.28,0,1.82
2022-04-05,24,32.33,0,1.78
2022-04-06,1,30.69,0,1.71
2022-04-06,2,28.64,0,1.62
2022-04-06,3,27.31,0,1.56
2022-04-06,4,24.96,0,1.45
2022-04-06,5,22.52,0,1.33
2022-04-06,6,20.96,0,1.25
2022-04-06,7,19.28,0,1.16
2022-04-06,8,18.01,0,1.09
2022-04-06,9,16.96,0,1.03
2022-04-06,10,16.12,0,0.98
2022-04-06,11,15.45,0,0.94
2022-04-06,12,14.64,0,0.89
2022-04-06,13,14.48,0,0.88
2022-04-06,14,14.01,1.1,0.85
2022-04-06,15,13.39,0.2,0.81
2022-04-06,16,13.24,0.5,0.8
2022-04-06,17,13.09,2.4,0.79
2022-04-06,18,13.39,1.8,0.81
2022-04-06,19,14.96,0.5,0.91
2022-04-06,20,22.52,,1.33
2022-04-06,21,30.45,0.2,1.7
2022-04-06,22,32.57,0.1,1.79
2022-04-06,23,33.77,0,1.84
2022-04-06,24,33.53,0,1.83
2022-04-07,1,33.04,0.1,1.81
2022-04-07,2,32.57,0,1.79
2022-04-07,3,31.62,0,1.75
2022-04-07,4,30.22,0,1.69
2022-04-07,5,29.09,0,1.64
2022-04-07,6,27.53,0,1.57
2022-04-07,7,25.17,0,1.46
2022-04-07,8,23.52,0,1.38
2022-04-07,9,22.32,0,1.32
2022-04-07,10,20.77,0,1.24
2022-04-07,11,19.09,0,1.15
2022-04-07,12,16.79,0,1.02
2022-04-07,13,15.12,0,0.92
2022-04-07,14,14.64,0,0.89
2022-04-07,15,14.64,0,0.89
2022-04-07,16,14.8,0,0.9
2022-04-07,17,16.12,27.4,0.98
2022-04-07,18,23.52,35.4,1.38
2022-04-07,19,35.49,10.5,1.91
2022-04-07,20,46.14,0.3,2.31
2022-04-07,21,52.6,0,2.53
2022-04-07,22,54.12,6.8,2.58
2022-04-07,23,53.2,2.2,2.55
2022-04-07,24,51.69,0.6,2.5
2022-04-08,1,48.44,0,2.39
2022-04-08,2,44.73,0,2.26
2022-04-08,3,41.18,0,2.13
2022-04-08,4,38.02,0,2.01
2022-04-08,5,35.49,0,1.91
2022-04-08,6,32.57,0,1.79
2022-04-08,7,29.77,0,1.67
2022-04-08,8,27.75,0,1.58
2022-04-08,9,26.02,0,1.5
2022-04-08,10,24.34,0,1.42
2022-04-08,11,22.92,0,1.35
2022-04-08,12,21.54,0,1.28
2022-04-08,13,20.39,0,1.22
2022-04-08,14,18.91,0.2,1.14
2022-04-08,15,19.09,5.8,1.15
2022-04-08,16,20.58,2.4,1.23
2022-04-08,17,39.06,0.3,2.05
2022-04-08,18,57.87,1.6,2.7
2022-04-08,19,67.45,1.8,2.99
2022-04-08,20,71.63,1.3,3.11
2022-04-08,21,75.58,0.2,3.22
2022-04-08,22,77.4,0,3.27
2022-04-08,23,80.74,0,3.36
2022-04-08,24,77.77,0,3.28
2022-04-09,1,76.67,0,3.25
2022-04-09,2,76.67,0,3.25
2022-04-09,3,75.58,4.8,3.22
2022-04-09,4,71.28,0,3.1
2022-04-09,5,68.14,0.1,3.01
2022-04-09,6,64.74,0,2.91
2022-04-09,7,61.09,0.3,2.8
2022-04-09,8,57.24,0,2.68
2022-04-09,9,52.9,0,2.54
2022-04-09,10,49.32,0,2.42
2022-04-09,11,45.86,0,2.3
2022-04-09,12,42.8,0,2.19
2022-04-09,13,39.85,0,2.08
2022-04-09,14,36.74,0,1.96
2022-04-09,15,34.26,0,1.86
2022-04-09,16,32.09,0.1,1.77
2022-04-09,17,31.62,0,1.75
2022-04-09,18,35.74,0.5,1.92
2022-04-09,19,39.32,1.5,2.06
2022-04-09,20,41.18,2.9,2.13
2022-04-09,21,38.02,0.6,2.01
2022-04-09,22,37,0,1.97
2022-04-09,23,32.57,0,1.79
2022-04-09,24,30.92,0,1.72
2022-04-10,1,29.31,0,1.65
2022-04-10,2,28.19,0,1.6
2022-04-10,3,28.19,1.1,1.6
2022-04-10,4,28.64,0,1.62
2022-04-10,5,27.97,0.1,1.59
2022-04-10,6,27.09,0,1.55
2022-04-10,7,26.23,0,1.51
2022-04-10,8,25.59,0,1.48
2022-04-10,9,24.96,0,1.45
2022-04-10,10,24.55,5,1.43
2022-04-10,11,24.75,13.5,1.44
2022-04-10,12,25.17,1.7,1.46
2022-04-10,13,25.81,0.3,1.49
2022-04-10,14,26.66,0.1,1.53
2022-04-10,15,27.31,0,1.56
2022-04-10,16,27.97,0,1.59
2022-04-10,17,28.42,0,1.61
2022-04-10,18,28.19,0,1.6
2022-04-10,19,28.19,0,1.6
2022-04-10,20,27.97,0,1.59
2022-04-10,21,27.53,0,1.57
2022-04-10,22,26.66,0,1.53
2022-04-10,23,26.02,0,1.5
2022-04-10,24,25.81,0,1.49
2022-04-11,1,25.17,2.2,1.46
2022-04-11,2,24.55,0,1.43
2022-04-11,3,24.14,0,1.41
2022-04-11,4,25.17,0,1.46
2022-04-11,5,21.93,0,1.3
2022-04-11,6,21.73,0,1.29
2022-04-11,7,20.77,0,1.24
2022-04-11,8,20.2,0,1.21
2022-04-11,9,19.64,0,1.18
2022-04-11,10,19.09,0,1.15
2022-04-11,11,18.73,0,1.13
2022-04-11,12,18.19,0,1.1
2022-04-11,13,17.84,0,1.08
2022-04-11,14,17.66,0.2,1.07
2022-04-11,15,17.49,0,1.06
2022-04-11,16,17.31,0,1.05
2022-04-11,17,16.96,0,1.03
2022-04-11,18,16.62,0,1.01
2022-04-11,19,16.62,0,1.01
2022-04-11,20,16.12,0,0.98
2022-04-11,21,15.62,0,0.95
2022-04-11,22,15.62,0,0.95
2022-04-11,23,15.78,0,0.96
2022-04-11,24,15.95,0,0.97
2022-04-12,1,16.12,0,0.98
2022-04-12,2,16.12,0,0.98
2022-04-12,3,16.28,0,0.99
2022-04-12,4,16.28,0,0.99
2022-04-12,5,16.12,0,0.98
2022-04-12,6,16.12,0,0.98
2022-04-12,7,15.62,0,0.95
2022-04-12,8,15.45,0,0.94
2022-04-12,9,15.12,,0.92
2022-04-12,10,14.96,0,0.91
2022-04-12,11,14.8,0.9,0.9
2022-04-12,12,14.8,0,0.9
2022-04-12,13,14.64,0,0.89
2022-04-12,14,14.48,0.2,0.88
2022-04-12,15,14.48,0.3,0.88
2022-04-12,16,14.8,3.5,0.9
2022-04-12,17,15.12,2.3,0.92
2022-04-12,18,16.62,1.8,1.01
2022-04-12,19,20.39,0.4,1.22
2022-04-12,20,23.32,0,1.37
2022-04-12,21,26.02,0,1.5
2022-04-12,22,27.75,0,1.58
2022-04-12,23,30.22,0,1.69
2022-04-12,24,32.8,0,1.8
2022-04-13,1,32.8,0,1.8
2022-04-13,2,32.33,0,1.78
2022-04-13,3,31.85,0,1.76
2022-04-13,4,30.45,0,1.7
2022-04-13,5,29.31,0,1.65
2022-04-13,6,26.02,0,1.5
2022-04-13,7,24.55,0,1.43
2022-04-13,8,23.32,0,1.37
2022-04-13,9,22.32,0,1.32
2022-04-13,10,21.35,0,1.27
2022-04-13,11,20.58,,1.23
2022-04-13,12,20.02,0,1.2
2022-04-13,13,19.46,,1.17
2022-04-13,14,18.91,0,1.14
2022-04-13,15,18.73,0,1.13
2022-04-13,16,18.19,0,1.1
2022-04-13,17,18.01,0,1.09
2022-04-13,18,17.66,4.6,1.07
2022-04-13,19,17.31,0.3,1.05
2022-04-13,20,16.96,0,1.03
2022-04-13,21,16.45,0,1
2022-04-13,22,17.84,0,1.08
2022-04-13,23,19.83,0,1.19
2022-04-13,24,20.58,0,1.23
2022-04-14,1,21.54,0,1.28
2022-04-14,2,24.34,0,1.42
2022-04-14,3,26.88,0,1.54
2022-04-14,4,27.75,0,1.58
2022-04-14,5,30,0,1.68
2022-04-14,6,31.15,0,1.73
2022-04-14,7,32.33,0,1.78
2022-04-14,8,32.09,0,1.77
2022-04-14,9,31.15,0,1.73
2022-04-14,10,29.54,0,1.66
2022-04-14,11,27.97,0,1.59
2022-04-14,12,26.45,0,1.52
2022-04-14,13,24.96,0,1.45
2022-04-14,14,23.52,0,1.38
2022-04-14,15,22.32,0,1.32
2022-04-14,16,21.35,0,1.27
2022-04-14,17,20.39,0,1.22
2022-04-14,18,19.64,0,1.18
2022-04-14,19,19.09,0,1.15
2022-04-14,20,18.37,0,1.11
2022-04-14,21,17.66,0,1.07
2022-04-14,22,16.62,0,1.01
2022-04-14,23,15.78,0,0.96
2022-04-14,24,14.48,0,0.88
2022-04-15,1,14.8,0,0.9
2022-04-15,2,14.96,0,0.91
2022-04-15,3,15.29,0,0.93
2022-04-15,4,15.29,0,0.93
2022-04-15,5,14.8,0,0.9
2022-04-15,6,14.8,0,0.9
2022-04-15,7,14.8,0,0.9
2022-04-15,8,14.48,0,0.88
2022-04-15,9,14.32,0,0.87
2022-04-15,10,14.16,0,0.86
2022-04-15,11,14.01,0,0.85
2022-04-15,12,14.01,0,0.85
2022-04-15,13,14.01,0,0.85
2022-04-15,14,13.85,0,0.84
2022-04-15,15,13.7,0,0.83
2022-04-15,16,13.54,0,0.82
2022-04-15,17,13.39,0,0.81
2022-04-15,18,13.24,0,0.8
2022-04-15,19,13.09,0,0.79
2022-04-15,20,13.09,0,0.79
2022-04-15,21,12.93,0,0.78
2022-04-15,22,12.05,0,0.72
2022-04-15,23,11.76,0,0.7
2022-04-15,24,11.9,0,0.71
2022-04-16,1,11.48,0,0.68
2022-04-16,2,12.49,0,0.75
2022-04-16,3,13.85,0,0.84
2022-04-16,4,14.8,0,0.9
2022-04-16,5,15.45,0,0.94
2022-04-16,6,16.62,0,1.01
2022-04-16,7,19.83,0,1.19
2022-04-16,8,20.39,0,1.22
2022-04-16,9,20.2,0,1.21
2022-04-16,10,19.46,0,1.17
2022-04-16,11,18.55,0,1.12
2022-04-16,12,17.66,0,1.07
2022-04-16,13,16.79,0,1.02
2022-04-16,14,15.95,0,0.97
2022-04-16,15,15.29,0,0.93
2022-04-16,16,14.8,0,0.9
2022-04-16,17,14.48,0,0.88
2022-04-16,18,21.93,7.6,1.3
2022-04-16,19,49.61,0,2.43
2022-04-16,20,104.4,0,3.95
2022-04-16,21,115.35,0,4.2
2022-04-16,22,82.25,0,3.4
2022-04-16,23,85.7,0,3.49
2022-04-16,24,88.03,0,3.55
2022-04-17,1,86.08,0,3.5
2022-04-17,2,83.77,0,3.44
2022-04-17,3,81.87,0,3.39
2022-04-17,4,71.28,0,3.1
2022-04-17,5,67.45,0,2.99
2022-04-17,6,67.45,0,2.99
2022-04-17,7,65.41,0,2.93
2022-04-17,8,59.79,0,2.76
2022-04-17,9,55.05,0,2.61
2022-04-17,10,50.5,0,2.46
2022-04-17,11,46.43,0,2.32
2022-04-17,12,42.8,0,2.19
2022-04-17,13,39.32,0,2.06
2022-04-17,14,36.24,0,1.94
2022-04-17,15,33.53,0,1.83
2022-04-17,16,31.62,0,1.75
2022-04-17,17,30,0.6,1.68
2022-04-17,18,32.33,0.9,1.78
2022-04-17,19,52.9,0,2.54
2022-04-17,20,66.43,0,2.96
2022-04-17,21,78.88,0,3.31
2022-04-17,22,91.99,0,3.65
2022-04-17,23,96.04,0,3.75
2022-04-17,24,78.51,0,3.3
2022-04-18,1,74.85,0,3.2
2022-04-18,2,67.45,0,2.99
2022-04-18,3,64.74,0,2.91
2022-04-18,4,62.08,0,2.83
2022-04-18,5,59.15,0.1,2.74
2022-04-18,6,48.73,0,2.4
2022-04-18,7,45.01,0,2.27
2022-04-18,8,41.44,0,2.14
2022-04-18,9,41.18,0,2.13
2022-04-18,10,35.74,0,1.92
2022-04-18,11,33.53,0,1.83
2022-04-18,12,31.15,0,1.73
2022-04-18,13,29.31,0,1.65
2022-04-18,14,28.19,0,1.6
2022-04-18,15,26.66,0,1.53
2022-04-18,16,25.59,0,1.48
2022-04-18,17,24.55,1.4,1.43
2022-04-18,18,23.73,0,1.39
2022-04-18,19,22.72,0,1.34
2022-04-18,20,22.52,0,1.33
2022-04-18,21,28.64,0,1.62
2022-04-18,22,43.07,0,2.2
2022-04-18,23,51.69,0,2.5
2022-04-18,24,54.43,0,2.59
2022-04-19,1,56.29,0,2.65
2022-04-19,2,48.73,0,2.4
2022-04-19,3,42.53,0,2.18
2022-04-19,4,37.51,0,1.99
2022-04-19,5,34.99,0,1.89
2022-04-19,6,31.15,0,1.73
2022-04-19,7,28.64,0,1.62
2022-04-19,8,26.66,0,1.53
2022-04-19,9,25.17,0,1.46
2022-04-19,10,23.73,,1.39
2022-04-19,11,22.92,0,1.35
2022-04-19,12,22.13,0,1.31
2022-04-19,13,21.54,0,1.28
2022-04-19,14,20.96,0,1.25
2022-04-19,15,20.39,0,1.22
2022-04-19,16,19.83,0,1.19
2022-04-19,17,19.46,1.7,1.17
2022-04-19,18,18.91,,1.14
2022-04-19,19,18.37,0,1.11
2022-04-19,20,18.19,0,1.1
2022-04-19,21,17.84,0,1.08
2022-04-19,22,17.31,0,1.05
2022-04-19,23,17.31,0,1.05
2022-04-19,24,16.62,0,1.01
2022-04-20,1,16.12,0,0.98
2022-04-20,2,16.96,0,1.03
2022-04-20,3,16.45,0,1
2022-04-20,4,16.62,0,1.01
2022-04-20,5,16.62,0,1.01
2022-04-20,6,16.12,0,0.98
2022-04-20,7,15.95,0,0.97
2022-04-20,8,15.78,0,0.96
2022-04-20,9,15.78,0,0.96
2022-04-20,10,15.45,0,0.94
2022-04-20,11,15.45,0,0.94
2022-04-20,12,15.45,0,0.94
2022-04-20,13,15.29,0,0.93
2022-04-20,14,14.96,0,0.91
2022-04-20,15,14.8,0,0.9
2022-04-20,16,14.8,0,0.9
2022-04-20,17,14.8,0,0.9
2022-04-20,18,14.64,,0.89
2022-04-20,19,14.64,0,0.89
2022-04-20,20,14.64,0,0.89
2022-04-20,21,15.95,2.4,0.97
2022-04-20,22,16.96,0,1.03
2022-04-20,23,18.37,0,1.11
2022-04-20,24,18.37,0.4,1.11
2022-04-21,1,18.01,0,1.09
2022-04-21,2,17.66,0,1.07
2022-04-21,3,17.31,0,1.05
2022-04-21,4,17.14,0,1.04
2022-04-21,5,16.96,0,1.03
2022-04-21,6,17.66,0,1.07
2022-04-21,7,17.84,0,1.08
2022-04-21,8,17.84,0,1.08
2022-04-21,9,18.01,0,1.09
2022-04-21,10,18.01,0,1.09
2022-04-21,11,17.66,0,1.07
2022-04-21,12,17.31,0,1.05
2022-04-21,13,16.96,0,1.03
2022-04-21,14,16.45,3.5,1
2022-04-21,15,16.12,2.3,0.98
2022-04-21,16,16.96,5.4,1.03
2022-04-21,17,19.09,1,1.15
2022-04-21,18,21.54,0,1.28
2022-04-21,19,34.99,0,1.89
2022-04-21,20,47.86,0,2.37
2022-04-21,21,54.12,0,2.58
2022-04-21,22,58.83,0,2.73
2022-04-21,23,61.75,0,2.82
2022-04-21,24,61.75,0,2.82
2022-04-22,1,59.47,0,2.75
2022-04-22,2,56.61,0,2.66
2022-04-22,3,53.81,0,2.57
2022-04-22,4,51.09,0,2.48
2022-04-22,5,48.44,0,2.39
2022-04-22,6,46.14,0,2.31
2022-04-22,7,43.07,0,2.2
2022-04-22,8,40.38,0,2.1
2022-04-22,9,37,0,1.97
2022-04-22,10,34.5,0,1.87
2022-04-22,11,32.09,0,1.77
2022-04-22,12,30.22,0,1.69
2022-04-22,13,28.64,0,1.62
2022-04-22,14,27.09,0.2,1.55
2022-04-22,15,26.66,0.2,1.53
2022-04-22,16,27.53,0.1,1.57
2022-04-22,17,29.54,1.8,1.66
2022-04-22,18,33.53,0.3,1.83
2022-04-22,19,37,0,1.97
2022-04-22,20,39.06,0,2.05
2022-04-22,21,40.11,0,2.09
2022-04-22,22,38.54,0,2.03
2022-04-22,23,38.54,0,2.03
2022-04-22,24,37.76,0,2
2022-04-23,1,37.51,0,1.99
2022-04-23,2,37.51,0,1.99
2022-04-23,3,37,0,1.97
2022-04-23,4,35.74,0,1.92
2022-04-23,5,34.75,0,1.88
2022-04-23,6,32.57,0,1.79
2022-04-23,7,30.69,0,1.71
2022-04-23,8,29.31,0,1.65
2022-04-23,9,27.75,0,1.58
2022-04-23,10,26.45,0,1.52
2022-04-23,11,25.38,0,1.47
2022-04-23,12,24.34,0,1.42
2022-04-23,13,23.52,0,1.38
2022-04-23,14,22.72,0,1.34
2022-04-23,15,21.93,0.7,1.3
2022-04-23,16,21.73,1.1,1.29
2022-04-23,17,21.73,1.8,1.29
2022-04-23,18,23.32,3.6,1.37
2022-04-23,19,27.09,4.7,1.55
2022-04-23,20,30.92,2.7,1.72
2022-04-23,21,33.28,0.2,1.82
2022-04-23,22,34.26,0,1.86
2022-04-23,23,34.5,0,1.87
2022-04-23,24,35.24,0,1.9
2022-04-24,1,35.49,0,1.91
2022-04-24,2,34.99,0,1.89
2022-04-24,3,34.99,0,1.89
2022-04-24,4,34.75,0,1.88
2022-04-24,5,34.5,0,1.87
2022-04-24,6,34.01,0,1.85
2022-04-24,7,33.04,0,1.81
2022-04-24,8,32.09,0,1.77
2022-04-24,9,30.92,0,1.72
2022-04-24,10,29.77,0,1.67
2022-04-24,11,28.86,0,1.63
2022-04-24,12,27.97,0,1.59
2022-04-24,13,26.88,0,1.54
2022-04-24,14,25.81,0,1.49
2022-04-24,15,24.75,0,1.44
2022-04-24,16,23.93,0,1.4
2022-04-24,17,23.12,0,1.36
2022-04-24,18,22.52,0,1.33
2022-04-24,19,21.73,7.1,1.29
2022-04-24,20,21.35,2.9,1.27
2022-04-24,21,23.52,,1.38
2022-04-24,22,24.75,2.3,1.44
2022-04-24,23,25.59,0,1.48
2022-04-24,24,26.45,0,1.52
2022-04-25,1,26.66,0,1.53
2022-04-25,2,27.09,0,1.55
2022-04-25,3,26.88,0,1.54
2022-04-25,4,26.66,0,1.53
2022-04-25,5,26.45,0,1.52
2022-04-25,6,25.81,0,1.49
2022-04-25,7,25.38,0,1.47
2022-04-25,8,24.55,0,1.43
2022-04-25,9,23.93,0,1.4
2022-04-25,10,22.92,0,1.35
2022-04-25,11,22.52,0,1.33
2022-04-25,12,21.93,0,1.3
2022-04-25,13,20.96,0,1.25
2022-04-25,14,20.58,0,1.23
2022-04-25,15,19.83,0,1.19
2022-04-25,16,19.09,11.7,1.15
2022-04-25,17,18.73,5.8,1.13
2022-04-25,18,18.37,0.7,1.11
2022-04-25,19,18.01,0,1.09
2022-04-25,20,17.84,0,1.08
2022-04-25,21,17.49,0,1.06
2022-04-25,22,17.49,0,1.06
2022-04-25,23,17.31,0,1.05
2022-04-25,24,17.31,0,1.05
2022-04-26,1,17.66,0,1.07
2022-04-26,2,17.84,0,1.08
2022-04-26,3,18.01,0,1.09
2022-04-26,4,18.01,0,1.09
2022-04-26,5,17.84,0,1.08
2022-04-26,6,17.49,0,1.06
2022-04-26,7,17.14,0,1.04
2022-04-26,8,16.96,0,1.03
2022-04-26,9,16.79,0,1.02
2022-04-26,10,16.79,0,1.02
2022-04-26,11,16.62,0,1.01
2022-04-26,12,16.62,0,1.01
2022-04-26,13,16.45,0,1
2022-04-26,14,16.28,0,0.99
2022-04-26,15,16.12,0,0.98
2022-04-26,16,15.78,0,0.96
2022-04-26,17,15.45,0,0.94
2022-04-26,18,15.12,0,0.92
2022-04-26,19,15.45,0,0.94
2022-04-26,20,15.45,0,0.94
2022-04-26,21,15.62,0,0.95
2022-04-26,22,15.95,0,0.97
2022-04-26,23,16.62,0,1.01
2022-04-26,24,17.14,0,1.04
2022-04-27,1,17.49,0.1,1.06
2022-04-27,2,17.49,0,1.06
2022-04-27,3,17.31,0,1.05
2022-04-27,4,17.31,0,1.05
2022-04-27,5,17.14,0,1.04
2022-04-27,6,16.79,0,1.02
2022-04-27,7,16.62,0,1.01
2022-04-27,8,17.49,0,1.06
2022-04-27,9,18.55,0,1.12
2022-04-27,10,18.91,0,1.14
2022-04-27,11,18.91,0,1.14
2022-04-27,12,18.37,0,1.11
2022-04-27,13,18.19,0,1.1
2022-04-27,14,18.19,0,1.1
2022-04-27,15,18.01,0,1.09
2022-04-27,16,16.79,0,1.02
2022-04-27,17,16.45,0,1
2022-04-27,18,15.95,0,0.97
2022-04-27,19,15.78,0,0.96
2022-04-27,20,18.55,57,1.12
2022-04-27,21,24.96,25.1,1.45
2022-04-27,22,41.98,12.7,2.16
2022-04-27,23,59.47,1.3,2.75
2022-04-27,24,83.77,1.2,3.44
2022-04-28,1,103.98,0,3.94
2022-04-28,2,112.67,0,4.14
2022-04-28,3,114.9,0,4.19
2022-04-28,4,112.23,0,4.13
2022-04-28,5,108.72,0,4.05
2022-04-28,6,100.18,0,3.85
2022-04-28,7,94.01,0,3.7
2022-04-28,8,86.86,0,3.52
2022-04-28,9,79.62,0,3.33
2022-04-28,10,72.7,0,3.14
2022-04-28,11,66.09,0,2.95
2022-04-28,12,61.42,0,2.81
2022-04-28,13,55.67,0,2.63
2022-04-28,14,51.69,0,2.5
2022-04-28,15,47.28,2.9,2.35
2022-04-28,16,44.46,0.3,2.25
2022-04-28,17,44.46,0.3,2.25
2022-04-28,18,46.43,0,2.32
2022-04-28,19,49.61,0,2.43
2022-04-28,20,52.6,0.3,2.53
2022-04-28,21,54.74,0.1,2.6
2022-04-28,22,56.61,,2.66
2022-04-28,23,55.67,0,2.63
2022-04-28,24,52.9,0,2.54
2022-04-29,1,50.2,0,2.45
2022-04-29,2,47,0,2.34
2022-04-29,3,45.01,0,2.27
2022-04-29,4,42.53,0,2.18
2022-04-29,5,40.64,0,2.11
2022-04-29,6,38.54,0,2.03
2022-04-29,7,36.74,0,1.96
2022-04-29,8,35.24,0,1.9
2022-04-29,9,33.28,0,1.82
2022-04-29,10,31.62,0,1.75
2022-04-29,11,30.45,0,1.7
2022-04-29,12,28.64,0,1.62
2022-04-29,13,27.53,0,1.57
2022-04-29,14,26.23,0,1.51
2022-04-29,15,25.17,0,1.46
2022-04-29,16,28.19,19.2,1.6
2022-04-29,17,29.77,1.3,1.67
2022-04-29,18,37.51,0.2,1.99
2022-04-29,19,50.2,,2.45
2022-04-29,20,53.2,0,2.55
2022-04-29,21,51.99,0,2.51
2022-04-29,22,49.02,0,2.41
2022-04-29,23,45.86,0,2.3
2022-04-29,24,41.44,0,2.14
2022-04-30,1,38.8,0,2.04
2022-04-30,2,36.24,0,1.94
2022-04-30,3,33.28,0,1.82
2022-04-30,4,31.62,0,1.75
2022-04-30,5,29.54,0,1.66
2022-04-30,6,27.97,0,1.59
2022-04-30,7,26.66,0,1.53
2022-04-30,8,25.59,0,1.48
2022-04-30,9,24.75,0,1.44
2022-04-30,10,24.14,0,1.41
2022-04-30,11,23.73,0,1.39
2022-04-30,12,23.12,0,1.36
2022-04-30,13,22.52,0,1.33
2022-04-30,14,21.93,0,1.3
2022-04-30,15,21.35,0,1.27
2022-04-30,16,20.77,0,1.24
2022-04-30,17,20.39,0,1.22
2022-04-30,18,20.02,0,1.2
2022-04-30,19,19.83,0,1.19
2022-04-30,20,19.28,0,1.16
2022-04-30,21,19.28,0,1.16
2022-04-30,22,19.64,0,1.18
2022-04-30,23,22.13,0,1.31
2022-04-30,24,23.52,0,1.38
2022-05-01,1,24.34,0,1.42
2022-05-01,2,24.14,0,1.41
2022-05-01,3,23.32,0,1.37
2022-05-01,4,22.52,3.5,1.33
2022-05-01,5,21.73,1.8,1.29
2022-05-01,6,20.96,,1.25
2022-05-01,7,20.2,0,1.21
2022-05-01,8,19.64,0,1.18
2022-05-01,9,19.46,0,1.17
2022-05-01,10,19.46,0,1.17
2022-05-01,11,19.83,,1.19
2022-05-01,12,21.35,0,1.27
2022-05-01,13,23.12,0,1.36
2022-05-01,14,23.93,0,1.4
2022-05-01,15,23.93,0,1.4
2022-05-01,16,23.32,0,1.37
2022-05-01,17,22.72,0,1.34
2022-05-01,18,21.93,0,1.3
2022-05-01,19,21.35,0,1.27
2022-05-01,20,20.2,0,1.21
2022-05-01,21,19.83,0,1.19
2022-05-01,22,19.28,0,1.16
2022-05-01,23,18.55,0,1.12
2022-05-01,24,18.19,0.2,1.1
2022-05-02,1,17.84,0,1.08
2022-05-02,2,17.49,0,1.06
2022-05-02,3,17.14,0,1.04
2022-05-02,4,16.96,0,1.03
2022-05-02,5,17.31,0,1.05
2022-05-02,6,17.49,0,1.06
2022-05-02,7,17.31,0,1.05
2022-05-02,8,17.14,0,1.04
2022-05-02,9,17.14,0,1.04
2022-05-02,10,17.14,0,1.04
2022-05-02,11,17.14,0,1.04
2022-05-02,12,17.14,0,1.04
2022-05-02,13,16.96,0,1.03
2022-05-02,14,16.79,0,1.02
2022-05-02,15,16.45,0,1
2022-05-02,16,16.28,0,0.99
2022-05-02,17,16.62,0,1.01
2022-05-02,18,17.31,0,1.05
2022-05-02,19,20.96,0,1.25
2022-05-02,20,43.07,0,2.2
2022-05-02,21,62.74,0,2.85
2022-05-02,22,82.25,1,3.4
2022-05-02,23,131.58,0.1,4.55
2022-05-02,24,166.7,0,5.24
2022-05-03,1,174.34,0,5.38
2022-05-03,2,182.14,0,5.52
2022-05-03,3,190.12,,5.66
2022-05-03,4,191.27,0,5.68
2022-05-03,5,184.4,0,5.56
2022-05-03,6,177.11,0,5.43
2022-05-03,7,166.17,0,5.23
2022-05-03,8,155.05,0,5.02
2022-05-03,9,142.83,0,4.78
2022-05-03,10,129.19,0,4.5
2022-05-03,11,117.6,0,4.25
2022-05-03,12,106.12,0,3.99
2022-05-03,13,96.04,0,3.75
2022-05-03,14,86.86,0,3.52
2022-05-03,15,78.51,0,3.3
2022-05-03,16,70.93,0,3.09
2022-05-03,17,65.07,0,2.92
2022-05-03,18,59.47,0,2.75
2022-05-03,19,55.36,0,2.62
2022-05-03,20,53.51,0,2.56
2022-05-03,21,55.67,0,2.63
2022-05-03,22,59.15,0,2.74
2022-05-03,23,57.87,0,2.7
2022-05-03,24,54.12,0,2.58
2022-05-04,1,49.32,0,2.42
2022-05-04,2,44.46,0,2.25
2022-05-04,3,41.44,0,2.14
2022-05-04,4,38.28,0.2,2.02
2022-05-04,5,35.49,0,1.91
2022-05-04,6,34.01,0,1.85
2022-05-04,7,32.57,2.9,1.79
2022-05-04,8,30.69,1.3,1.71
2022-05-04,9,29.31,0,1.65
2022-05-04,10,28.19,0,1.6
2022-05-04,11,27.53,0,1.57
2022-05-04,12,26.88,0,1.54
2022-05-04,13,26.23,0,1.51
2022-05-04,14,25.59,0,1.48
2022-05-04,15,24.75,0,1.44
2022-05-04,16,24.34,0,1.42
2022-05-04,17,23.73,0,1.39
2022-05-04,18,22.92,0,1.35
2022-05-04,19,22.32,0,1.32
2022-05-04,20,22.32,0,1.32
2022-05-04,21,22.13,0,1.31
2022-05-04,22,21.93,0,1.3
2022-05-04,23,21.54,0,1.28
2022-05-04,24,21.35,0,1.27
2022-05-05,1,20.58,0,1.23
2022-05-05,2,20.39,0.3,1.22
2022-05-05,3,20.39,0,1.22
2022-05-05,4,20.02,0,1.2
2022-05-05,5,19.83,0,1.19
2022-05-05,6,19.64,0,1.18
2022-05-05,7,19.09,0,1.15
2022-05-05,8,19.09,0,1.15
2022-05-05,9,19.09,0.7,1.15
2022-05-05,10,19.09,1.2,1.15
2022-05-05,11,19.46,0,1.17
2022-05-05,12,20.02,0,1.2
2022-05-05,13,20.58,0,1.23
2022-05-05,14,21.35,0,1.27
2022-05-05,15,21.54,0,1.28
2022-05-05,16,21.35,0,1.27
2022-05-05,17,20.96,0,1.25
2022-05-05,18,21.35,0,1.27
2022-05-05,19,20.58,0,1.23
2022-05-05,20,20.58,1.6,1.23
2022-05-05,21,20.39,0,1.22
2022-05-05,22,20.02,0,1.2
2022-05-05,23,19.83,0,1.19
2022-05-05,24,19.64,0,1.18
2022-05-06,1,19.46,0,1.17
2022-05-06,2,19.28,0,1.16
2022-05-06,3,19.09,0,1.15
2022-05-06,4,18.91,0,1.14
2022-05-06,5,18.73,0,1.13
2022-05-06,6,18.73,0,1.13
2022-05-06,7,18.55,0,1.12
2022-05-06,8,18.91,0,1.14
2022-05-06,9,19.83,0,1.19
2022-05-06,10,20.58,0,1.23
2022-05-06,11,20.77,0,1.24
2022-05-06,12,20.77,0,1.24
2022-05-06,13,20.2,0,1.21
2022-05-06,14,20.02,0,1.2
2022-05-06,15,19.64,0,1.18
2022-05-06,16,19.09,0,1.15
2022-05-06,17,18.37,0,1.11
2022-05-06,18,18.01,0,1.09
2022-05-06,19,18.01,0,1.09
2022-05-06,20,18.01,0,1.09
2022-05-06,21,17.49,0,1.06
2022-05-06,22,17.14,0,1.04
2022-05-06,23,16.79,0,1.02
2022-05-06,24,16.45,0,1
2022-05-07,1,16.28,0,0.99
2022-05-07,2,16.12,0,0.98
2022-05-07,3,15.95,0,0.97
2022-05-07,4,15.78,0,0.96
2022-05-07,5,15.62,0,0.95
2022-05-07,6,15.45,0,0.94
2022-05-07,7,15.12,0,0.92
2022-05-07,8,15.12,0,0.92
2022-05-07,9,14.96,0,0.91
2022-05-07,10,14.8,0,0.9
2022-05-07,11,14.8,0,0.9
2022-05-07,12,14.64,0,0.89
2022-05-07,13,14.32,0,0.87
2022-05-07,14,14.16,0,0.86
2022-05-07,15,14.01,0,0.85
2022-05-07,16,13.85,0,0.84
2022-05-07,17,13.85,0,0.84
2022-05-07,18,13.85,0,0.84
2022-05-07,19,14.32,0,0.87
2022-05-07,20,14.48,0.7,0.88
2022-05-07,21,14.32,0,0.87
2022-05-07,22,14.16,0,0.86
2022-05-07,23,13.85,0,0.84
2022-05-07,24,13.7,0,0.83
2022-05-08,1,13.7,0,0.83
2022-05-08,2,13.7,0.1,0.83
2022-05-08,3,13.7,0,0.83
2022-05-08,4,13.54,0,0.82
2022-05-08,5,13.24,,0.8
2022-05-08,6,13.09,0,0.79
2022-05-08,7,12.78,0,0.77
2022-05-08,8,12.78,0,0.77
2022-05-08,9,12.93,0,0.78
2022-05-08,10,12.93,0,0.78
2022-05-08,11,13.09,0,0.79
2022-05-08,12,13.24,0,0.8
2022-05-08,13,13.09,0,0.79
2022-05-08,14,12.93,0,0.78
2022-05-08,15,12.78,0,0.77
2022-05-08,16,12.49,0,0.75
2022-05-08,17,12.34,0,0.74
2022-05-08,18,12.19,0,0.73
2022-05-08,19,12.78,0,0.77
2022-05-08,20,13.54,0,0.82
2022-05-08,21,14.48,0,0.88
2022-05-08,22,14.8,0,0.9
2022-05-08,23,15.12,0,0.92
2022-05-08,24,15.45,0,0.94
2022-05-09,1,15.78,,0.96
2022-05-09,2,16.45,,1
2022-05-09,3,16.62,6.9,1.01
2022-05-09,4,16.45,0.4,1
2022-05-09,5,15.95,0.5,0.97
2022-05-09,6,15.45,,0.94
2022-05-09,7,14.48,6.8,0.88
2022-05-09,8,14.16,0.1,0.86
2022-05-09,9,14.16,,0.86
2022-05-09,10,14.01,0,0.85
2022-05-09,11,13.7,0,0.83
2022-05-09,12,13.7,0,0.83
2022-05-09,13,13.54,0,0.82
2022-05-09,14,13.24,0,0.8
2022-05-09,15,13.24,0,0.8
2022-05-09,16,12.78,0,0.77
2022-05-09,17,12.64,0,0.76
2022-05-09,18,12.19,1.7,0.73
2022-05-09,19,12.78,3.1,0.77
2022-05-09,20,14.16,5,0.86
2022-05-09,21,13.54,,0.82
2022-05-09,22,19.09,,1.15
2022-05-09,23,35.99,,1.93
2022-05-09,24,88.03,,3.55
2022-05-10,1,135.44,1.4,4.63
2022-05-10,2,165.09,11.2,5.21
2022-05-10,3,184.97,0.2,5.57
2022-05-10,4,200.03,0.4,5.83
2022-05-10,5,205.98,0.3,5.93
2022-05-10,6,207.18,1,5.95
2022-05-10,7,204.19,0.5,5.9
2022-05-10,8,200.03,0,5.83
2022-05-10,9,193.59,0,5.72
2022-05-10,10,188.39,2.9,5.63
2022-05-10,11,183.84,0,5.55
2022-05-10,12,179.33,0,5.47
2022-05-10,13,174.89,0,5.39
2022-05-10,14,171.05,0,5.32
2022-05-10,15,167.78,2.3,5.26
2022-05-10,16,164.55,0,5.2
2022-05-10,17,160.83,0,5.13
2022-05-10,18,158.72,2.5,5.09
2022-05-10,19,157.14,1.7,5.06
2022-05-10,20,155.57,0,5.03
2022-05-10,21,153.5,5.1,4.99
2022-05-10,22,151.95,3,4.96
2022-05-10,23,149.39,0,4.91
2022-05-10,24,153.5,5.6,4.99
2022-05-11,1,168.87,0,5.28
2022-05-11,2,187.82,0.3,5.62
2022-05-11,3,201.21,0,5.85
2022-05-11,4,203.59,0.1,5.89
2022-05-11,5,203.59,0.8,5.89
2022-05-11,6,203.59,,5.89
2022-05-11,7,207.18,0.1,5.95
2022-05-11,8,209.59,,5.99
2022-05-11,9,211.41,,6.02
2022-05-11,10,211.41,0,6.02
2022-05-11,11,208.99,0,5.98
2022-05-11,12,204.78,0,5.91
2022-05-11,13,198.85,0,5.81
2022-05-11,14,192.43,0,5.7
2022-05-11,15,185.54,0,5.58
2022-05-11,16,178.78,0,5.46
2022-05-11,17,172.14,0,5.34
2022-05-11,18,166.7,0,5.24
2022-05-11,19,159.77,0,5.11
2022-05-11,20,155.05,0,5.02
2022-05-11,21,149.39,0,4.91
2022-05-11,22,143.83,0,4.8
2022-05-11,23,137.88,0,4.68
2022-05-11,24,134.47,0,4.61
2022-05-12,1,128.25,2.4,4.48
2022-05-12,2,123.1,2.3,4.37
2022-05-12,3,118.05,8.2,4.26
2022-05-12,4,114,4.3,4.17
2022-05-12,5,110.03,1.5,4.08
2022-05-12,6,106.12,0.1,3.99
2022-05-12,7,100.6,3.8,3.86
2022-05-12,8,98.52,7.6,3.81
2022-05-12,9,99.76,9.1,3.84
2022-05-12,10,104.83,0.3,3.96
2022-05-12,11,113.11,,4.15
2022-05-12,12,125.42,0,4.42
2022-05-12,13,127.3,6.4,4.46
2022-05-12,14,144.83,2.9,4.82
2022-05-12,15,148.88,0.9,4.9
2022-05-12,16,155.57,7.2,5.03
2022-05-12,17,169.41,1.1,5.29
2022-05-12,18,186.11,2.6,5.59
2022-05-12,19,194.17,0.1,5.73
2022-05-12,20,197.09,1.5,5.78
2022-05-12,21,197.09,0,5.78
2022-05-12,22,195.33,0.9,5.75
2022-05-12,23,191.85,0,5.69
2022-05-12,24,189.54,1.1,5.65
2022-05-13,1,188.39,0.5,5.63
2022-05-13,2,190.69,0,5.67
2022-05-13,3,193.59,0,5.72
2022-05-13,4,198.26,0.1,5.8
2022-05-13,5,204.19,1.5,5.9
2022-05-13,6,212.02,0.2,6.03
2022-05-13,7,219.99,0,6.16
2022-05-13,8,228.12,0.1,6.29
2022-05-13,9,235.11,5.5,6.4
2022-05-13,10,241.55,8,6.5
2022-05-13,11,248.08,0.5,6.6
2022-05-13,12,253.37,6.1,6.68
2022-05-13,13,258.05,1.7,6.75
2022-05-13,14,262.09,21.3,6.81
2022-05-13,15,266.16,1.1,6.87
2022-05-13,16,272.32,1.5,6.96
2022-05-13,17,283.46,1.2,7.12
2022-05-13,18,294.1,4.2,7.27
2022-05-13,19,302.03,5.4,7.38
2022-05-13,20,307.86,4,7.46
2022-05-13,21,310.06,6.1,7.49
2022-05-13,22,321.19,3.5,7.64
2022-05-13,23,327.2,2.4,7.72
2022-05-13,24,332.51,0.4,7.79
2022-05-14,1,337.86,0.5,7.86
2022-05-14,2,341.71,1.1,7.91
2022-05-14,3,344.03,0,7.94
2022-05-14,4,344.8,2.5,7.95
2022-05-14,5,345.58,0.6,7.96
2022-05-14,6,345.58,0.2,7.96
2022-05-14,7,345.58,0.3,7.96
2022-05-14,8,344.8,0,7.95
2022-05-14,9,344.03,0.2,7.94
2022-05-14,10,342.48,9.9,7.92
2022-05-14,11,340.94,0.2,7.9
2022-05-14,12,340.16,17.1,7.89
2022-05-14,13,340.16,4.8,7.89
2022-05-14,14,339.4,3.7,7.88
2022-05-14,15,340.16,,7.89
2022-05-14,16,337.86,,7.86
2022-05-14,17,351.81,4.1,8.04
2022-05-14,18,362.07,0.4,8.17
2022-05-14,19,374.08,2.2,8.32
2022-05-14,20,383.01,3.1,8.43
2022-05-14,21,388.75,1.8,8.5
2022-05-14,22,392.88,0.1,8.55
2022-05-14,23,395.37,0.1,8.58
2022-05-14,24,397.03,,8.6
2022-05-15,1,397.03,0,8.6
2022-05-15,2,395.37,0,8.58
2022-05-15,3,394.54,0,8.57
2022-05-15,4,392.88,0,8.55
2022-05-15,5,391.23,0,8.53
2022-05-15,6,389.58,0.6,8.51
2022-05-15,7,388.75,0,8.5
2022-05-15,8,386.29,0.2,8.47
2022-05-15,9,383.01,0.8,8.43
2022-05-15,10,379.75,0,8.39
2022-05-15,11,375.7,0,8.34
2022-05-15,12,371.66,0,8.29
2022-05-15,13,366.85,0,8.23
2022-05-15,14,362.07,0,8.17
2022-05-15,15,356.53,0,8.1
2022-05-15,16,351.03,0,8.03
2022-05-15,17,344.03,0.2,7.94
2022-05-15,18,337.86,0.9,7.86
2022-05-15,19,331.75,3.5,7.78
2022-05-15,20,325.69,0,7.7
2022-05-15,21,324.19,0,7.68
2022-05-15,22,314.49,0,7.55
2022-05-15,23,309.33,0,7.48
2022-05-15,24,303.48,0,7.4
2022-05-16,1,297.69,0.2,7.32
2022-05-16,2,292.67,1.2,7.25
2022-05-16,3,286.28,0.8,7.16
2022-05-16,4,281.35,1,7.09
2022-05-16,5,275.09,5.4,7
2022-05-16,6,270.26,0,6.93
2022-05-16,7,264.8,0.1,6.85
2022-05-16,8,260.06,0,6.78
2022-05-16,9,255.37,0,6.71
2022-05-16,10,250.72,0,6.64
2022-05-16,11,246.12,0.1,6.57
2022-05-16,12,242.2,0,6.51
2022-05-16,13,237.67,0,6.44
2022-05-16,14,233.83,0,6.38
2022-05-16,15,230.01,,6.32
2022-05-16,16,226.23,,6.26
2022-05-16,17,222.48,0,6.2
2022-05-16,18,219.37,0.1,6.15
2022-05-16,19,215.68,0,6.09
2022-05-16,20,212.02,0.3,6.03
2022-05-16,21,208.38,0.3,5.97
2022-05-16,22,204.78,0,5.91
2022-05-16,23,201.21,0,5.85
2022-05-16,24,197.67,0.1,5.79
2022-05-17,1,194.17,0,5.73
2022-05-17,2,190.69,0,5.67
2022-05-17,3,187.25,0,5.61
2022-05-17,4,183.84,0,5.55
2022-05-17,5,181.58,0,5.51
2022-05-17,6,178.22,0,5.45
2022-05-17,7,176,0,5.41
2022-05-17,8,173.79,0.6,5.37
2022-05-17,9,172.14,0,5.34
2022-05-17,10,171.05,2,5.32
2022-05-17,11,170.5,6.3,5.31
2022-05-17,12,169.95,,5.3
2022-05-17,13,169.41,0,5.29
2022-05-17,14,171.05,1.1,5.32
2022-05-17,15,173.79,0.7,5.37
2022-05-17,16,174.89,,5.39
2022-05-17,17,174.34,0,5.38
2022-05-17,18,173.24,3.1,5.36
2022-05-17,19,172.14,0,5.34
2022-05-17,20,171.59,2.6,5.33
2022-05-17,21,172.69,0.9,5.35
2022-05-17,22,172.14,0.1,5.34
2022-05-17,23,171.05,,5.32
2022-05-17,24,168.87,0.5,5.28
2022-05-18,1,166.17,,5.23
2022-05-18,2,163.49,0,5.18
2022-05-18,3,160.83,0.8,5.13
2022-05-18,4,158.19,0.2,5.08
2022-05-18,5,155.57,0,5.03
2022-05-18,6,152.46,0.2,4.97
2022-05-18,7,149.9,1.3,4.92
2022-05-18,8,146.34,0,4.85
2022-05-18,9,144.83,4.2,4.82
2022-05-18,10,141.33,0.5,4.75
2022-05-18,11,137.88,0.2,4.68
2022-05-18,12,136.41,1.1,4.65
2022-05-18,13,134.47,0,4.61
2022-05-18,14,134.47,6.2,4.61
2022-05-18,15,134.47,2.6,4.61
2022-05-18,16,136.41,0.1,4.65
2022-05-18,17,138.86,0,4.7
2022-05-18,18,140.84,0.1,4.74
2022-05-18,19,140.84,0,4.74
2022-05-18,20,139.35,6.7,4.71
2022-05-18,21,137.39,1.3,4.67
2022-05-18,22,134.47,0.9,4.61
2022-05-18,23,133.98,15.7,4.6
2022-05-18,24,136.41,2.4,4.65
2022-05-19,1,140.34,0,4.73
2022-05-19,2,149.39,1.7,4.91
2022-05-19,3,158.72,5.6,5.09
2022-05-19,4,163.49,0.1,5.18
2022-05-19,5,164.55,0,5.2
2022-05-19,6,162.95,0.4,5.17
2022-05-19,7,160.3,0.9,5.12
2022-05-19,8,157.66,0.2,5.07
2022-05-19,9,152.98,0.3,4.98
2022-05-19,10,149.39,0,4.91
2022-05-19,11,146.34,,4.85
2022-05-19,12,143.32,,4.79
2022-05-19,13,139.85,,4.72
2022-05-19,14,137.39,0.9,4.67
2022-05-19,15,134.47,0,4.61
2022-05-19,16,131.58,,4.55
2022-05-19,17,128.72,0,4.49
2022-05-19,18,125.89,0,4.43
2022-05-19,19,124.02,0,4.39
2022-05-19,20,121.71,0,4.34
2022-05-19,21,118.96,0,4.28
2022-05-19,22,116.69,0,4.23
2022-05-19,23,114,,4.17
2022-05-19,24,110.46,0,4.09
2022-05-20,1,106.98,0.3,4.01
2022-05-20,2,104.4,0,3.95
2022-05-20,3,101.44,0,3.88
2022-05-20,4,98.93,0,3.82
2022-05-20,5,96.45,0.1,3.76
2022-05-20,6,94.41,0,3.71
2022-05-20,7,92.8,3.2,3.67
2022-05-20,8,90.8,,3.62
2022-05-20,9,90,0,3.6
2022-05-20,10,88.03,1.7,3.55
2022-05-20,11,86.47,2.3,3.51
2022-05-20,12,84.93,0,3.47
2022-05-20,13,82.63,0,3.41
2022-05-20,14,80.37,0,3.35
2022-05-20,15,78.51,0,3.3
2022-05-20,16,77.4,0,3.27
2022-05-20,17,73.41,0,3.16
2022-05-20,18,71.63,0,3.11
2022-05-20,19,69.53,0,3.05
2022-05-20,20,66.77,0,2.97
2022-05-20,21,64.74,0,2.91
2022-05-20,22,62.74,0,2.85
2022-05-20,23,61.09,0,2.8
2022-05-20,24,59.15,0,2.74
2022-05-21,1,57.56,0,2.69
2022-05-21,2,55.98,0,2.64
2022-05-21,3,54.74,0.1,2.6
2022-05-21,4,53.2,0.1,2.55
2022-05-21,5,51.99,0,2.51
2022-05-21,6,50.79,0,2.47
2022-05-21,7,49.9,0,2.44
2022-05-21,8,49.02,0,2.41
2022-05-21,9,48.44,0,2.39
2022-05-21,10,47.86,0,2.37
2022-05-21,11,47.57,0.7,2.36
2022-05-21,12,47.57,0,2.36
2022-05-21,13,47.28,0,2.35
2022-05-21,14,47,0,2.34
2022-05-21,15,47,0,2.34
2022-05-21,16,47,0,2.34
2022-05-21,17,47,0,2.34
2022-05-21,18,47.28,0.1,2.35
2022-05-21,19,45.58,0,2.29
2022-05-21,20,46.71,0.2,2.33
2022-05-21,21,46.71,0.1,2.33
2022-05-21,22,46.14,0,2.31
2022-05-21,23,45.58,0,2.29
2022-05-21,24,44.46,0.1,2.25
2022-05-22,1,43.9,0,2.23
2022-05-22,2,43.07,0,2.2
2022-05-22,3,42.25,0,2.17
2022-05-22,4,41.44,0,2.14
2022-05-22,5,40.64,0,2.11
2022-05-22,6,40.11,0,2.09
2022-05-22,7,39.85,0.7,2.08
2022-05-22,8,39.06,0.5,2.05
2022-05-22,9,38.54,1.3,2.03
2022-05-22,10,37.76,0,2
2022-05-22,11,37.25,0,1.98
2022-05-22,12,37,0,1.97
2022-05-22,13,36.74,0,1.96
2022-05-22,14,36.24,0,1.94
2022-05-22,15,35.99,0,1.93
2022-05-22,16,35.49,0,1.91
2022-05-22,17,34.99,,1.89
2022-05-22,18,34.26,0.1,1.86
2022-05-22,19,34.01,2.8,1.85
2022-05-22,20,33.53,0,1.83
2022-05-22,21,32.8,0,1.8
2022-05-22,22,32.57,0,1.79
2022-05-22,23,32.09,0.2,1.77
2022-05-22,24,31.62,0,1.75
2022-05-23,1,31.62,2.1,1.75
2022-05-23,2,31.15,1.1,1.73
2022-05-23,3,30.92,1.2,1.72
2022-05-23,4,30.69,0,1.71
2022-05-23,5,30.22,0,1.69
2022-05-23,6,30.22,0.2,1.69
2022-05-23,7,30,1.4,1.68
2022-05-23,8,29.77,4,1.67
2022-05-23,9,29.31,0,1.65
2022-05-23,10,29.31,0,1.65
2022-05-23,11,29.31,0.7,1.65
2022-05-23,12,29.31,1.2,1.65
2022-05-23,13,29.77,0,1.67
2022-05-23,14,30,,1.68
2022-05-23,15,30.45,0,1.7
2022-05-23,16,30.92,0,1.72
2022-05-23,17,31.15,,1.73
2022-05-23,18,31.62,0,1.75
2022-05-23,19,31.85,0.4,1.76
2022-05-23,20,32.09,0,1.77
2022-05-23,21,32.33,2.1,1.78
2022-05-23,22,32.57,0.2,1.79
2022-05-23,23,32.8,0.2,1.8
2022-05-23,24,33.53,0,1.83
2022-05-24,1,33.77,2.2,1.84
2022-05-24,2,34.01,0.5,1.85
2022-05-24,3,34.75,0.1,1.88
2022-05-24,4,35.24,0,1.9
2022-05-24,5,35.99,0,1.93
2022-05-24,6,37.25,0.1,1.98
2022-05-24,7,40.38,0,2.1
2022-05-24,8,43.07,0.1,2.2
2022-05-24,9,45.86,0,2.3
2022-05-24,10,48.73,2.6,2.4
2022-05-24,11,51.99,11,2.51
2022-05-24,12,55.05,3.9,2.61
2022-05-24,13,58.19,0.3,2.71
2022-05-24,14,61.42,0,2.81
2022-05-24,15,66.09,5.5,2.95
2022-05-24,16,74.85,14.9,3.2
2022-05-24,17,86.08,7.4,3.5
2022-05-24,18,100.18,2.2,3.85
2022-05-24,19,115.79,7.1,4.21
2022-05-24,20,131.1,4.8,4.54
2022-05-24,21,147.86,4.9,4.88
2022-05-24,22,166.17,2.3,5.23
2022-05-24,23,183.27,0.9,5.54
2022-05-24,24,193.01,0,5.71
2022-05-25,1,196.5,0,5.77
2022-05-25,2,196.5,0,5.77
2022-05-25,3,193.01,0,5.71
2022-05-25,4,188.97,0,5.64
2022-05-25,5,184.4,0,5.56
2022-05-25,6,179.89,1.7,5.48
2022-05-25,7,176,0,5.41
2022-05-25,8,170.5,0,5.31
2022-05-25,9,167.24,0,5.25
2022-05-25,10,162.42,0,5.16
2022-05-25,11,157.66,0,5.07
2022-05-25,12,155.05,1.7,5.02
2022-05-25,13,150.92,0,4.94
2022-05-25,14,147.86,3.1,4.88
2022-05-25,15,145.33,0.3,4.83
2022-05-25,16,142.33,0,4.77
2022-05-25,17,139.85,0,4.72
2022-05-25,18,137.39,0,4.67
2022-05-25,19,134.47,0,4.61
2022-05-25,20,131.58,0,4.55
2022-05-25,21,128.72,0,4.49
2022-05-25,22,126.83,0,4.45
2022-05-25,23,126.83,0,4.45
2022-05-25,24,121.25,0,4.33
2022-05-26,1,118.96,0.8,4.28
2022-05-26,2,114.9,0,4.19
2022-05-26,3,110.03,0.7,4.08
2022-05-26,4,106.12,0.2,3.99
2022-05-26,5,103.13,0,3.92
2022-05-26,6,100.18,1,3.85
2022-05-26,7,96.86,3.6,3.77
2022-05-26,8,93.6,1,3.69
2022-05-26,9,90,0,3.6
2022-05-26,10,86.47,0,3.51
2022-05-26,11,84.16,2.5,3.45
2022-05-26,12,81.87,2.3,3.39
2022-05-26,13,79.62,0.8,3.33
2022-05-26,14,78.14,3.4,3.29
2022-05-26,15,78.14,0.7,3.29
2022-05-26,16,78.14,0,3.29
2022-05-26,17,77.4,0.3,3.27
2022-05-26,18,76.67,0,3.25
2022-05-26,19,75.94,0,3.23
2022-05-26,20,75.58,0,3.22
2022-05-26,21,74.85,0,3.2
2022-05-26,22,74.13,0,3.18
2022-05-26,23,73.05,0.5,3.15
2022-05-26,24,71.28,0,3.1
2022-05-27,1,70.58,0.4,3.08
2022-05-27,2,69.88,0.7,3.06
2022-05-27,3,68.83,0,3.03
2022-05-27,4,67.45,1.1,2.99
2022-05-27,5,66.43,1.8,2.96
2022-05-27,6,65.41,0.1,2.93
2022-05-27,7,64.4,0.1,2.9
2022-05-27,8,63.4,0.2,2.87
2022-05-27,9,62.08,0,2.83
2022-05-27,10,61.42,0,2.81
2022-05-27,11,61.09,0,2.8
2022-05-27,12,59.47,0.8,2.75
2022-05-27,13,59.47,0,2.75
2022-05-27,14,59.15,0,2.74
2022-05-27,15,58.19,1.7,2.71
2022-05-27,16,57.87,0.2,2.7
2022-05-27,17,57.87,0,2.7
2022-05-27,18,60.12,4.1,2.77
2022-05-27,19,64.4,0.2,2.9
2022-05-27,20,71.28,0,3.1
2022-05-27,21,78.14,0.3,3.29
2022-05-27,22,85.7,0.4,3.49
2022-05-27,23,90.4,0,3.61
2022-05-27,24,92.8,0,3.67
2022-05-28,1,92.8,0,3.67
2022-05-28,2,91.2,5.2,3.63
2022-05-28,3,90,1.2,3.6
2022-05-28,4,88.82,0.7,3.57
2022-05-28,5,88.42,0.1,3.56
2022-05-28,6,87.25,0,3.53
2022-05-28,7,86.86,0,3.52
2022-05-28,8,86.08,0.1,3.5
2022-05-28,9,84.93,0.7,3.47
2022-05-28,10,84.54,4.9,3.46
2022-05-28,11,83.77,0,3.44
2022-05-28,12,83.39,1,3.43
2022-05-28,13,82.25,0.7,3.4
2022-05-28,14,81.5,0,3.38
2022-05-28,15,80.37,0,3.35
2022-05-28,16,79.25,,3.32
2022-05-28,17,78.51,2.7,3.3
2022-05-28,18,78.14,0,3.29
2022-05-28,19,79.62,0.7,3.33
2022-05-28,20,80.74,0,3.36
2022-05-28,21,82.25,0,3.4
2022-05-28,22,83.77,0,3.44
2022-05-28,23,81.87,0,3.39
2022-05-28,24,81.12,0,3.37
2022-05-29,1,80.37,0.7,3.35
2022-05-29,2,79.25,0,3.32
2022-05-29,3,78.88,0,3.31
2022-05-29,4,78.88,0.2,3.31
2022-05-29,5,79.25,0,3.32
2022-05-29,6,79.25,0,3.32
2022-05-29,7,80.74,0,3.36
2022-05-29,8,81.87,0.2,3.39
2022-05-29,9,82.63,0,3.41
2022-05-29,10,82.63,0.1,3.41
2022-05-29,11,81.87,0,3.39
2022-05-29,12,80.74,5.3,3.36
2022-05-29,13,79.62,0.6,3.33
2022-05-29,14,79.62,1,3.33
2022-05-29,15,80,5.3,3.34
2022-05-29,16,82.63,1.3,3.41
2022-05-29,17,87.25,0.3,3.53
2022-05-29,18,93.2,0.1,3.68
2022-05-29,19,98.52,0,3.81
2022-05-29,20,101.86,0,3.89
2022-05-29,21,103.13,0,3.92
2022-05-29,22,102.28,0,3.9
2022-05-29,23,100.6,0,3.86
2022-05-29,24,98.1,3.8,3.8
2022-05-30,1,95.23,,3.73
2022-05-30,2,92.8,0,3.67
2022-05-30,3,90.8,4.3,3.62
2022-05-30,4,88.42,16.4,3.56
2022-05-30,5,86.47,2.4,3.51
2022-05-30,6,84.16,6.3,3.45
2022-05-30,7,82.25,2.1,3.4
2022-05-30,8,80.37,7.3,3.35
2022-05-30,9,78.51,15.6,3.3
2022-05-30,10,76.67,0.1,3.25
2022-05-30,11,74.85,0.1,3.2
2022-05-30,12,73.05,6.6,3.15
2022-05-30,13,73.05,0,3.15
2022-05-30,14,73.05,0,3.15
2022-05-30,15,73.05,0.5,3.15
2022-05-30,16,74.85,0.2,3.2
2022-05-30,17,78.51,0,3.3
2022-05-30,18,84.16,0.6,3.45
2022-05-30,19,92.8,1.9,3.67
2022-05-30,20,101.02,6.4,3.87
2022-05-30,21,104.83,0.1,3.96
2022-05-30,22,106.55,0.6,4
2022-05-30,23,105.69,1.3,3.98
2022-05-30,24,105.26,0.1,3.97
2022-05-31,1,104.4,0,3.95
2022-05-31,2,104.4,0,3.95
2022-05-31,3,104.4,0,3.95
2022-05-31,4,106.98,0,4.01
2022-05-31,5,113.11,0,4.15
2022-05-31,6,119.87,0.2,4.3
2022-05-31,7,128.25,0,4.48
2022-05-31,8,136.41,0,4.65
2022-05-31,9,151.44,10.7,4.95
2022-05-31,10,177.11,17.2,5.43
2022-05-31,11,218.14,12.9,6.13
2022-05-31,12,262.09,4.8,6.81
2022-05-31,13,295.53,2.3,7.29
2022-05-31,14,315.97,4,7.57
2022-05-31,15,326.45,2.5,7.71
2022-05-31,16,330.99,0.3,7.77
2022-05-31,17,333.27,0,7.8
2022-05-31,18,335.56,0.4,7.83
2022-05-31,19,334.03,2,7.81
2022-05-31,20,330.99,1.3,7.77
2022-05-31,21,327.96,0,7.73
2022-05-31,22,324.19,0,7.68
2022-05-31,23,321.94,0,7.65
2022-05-31,24,318.95,0,7.61
